------------------------------------------------------------------------------------------------------------

INSERT INTO library_author(id, create_ts, created_by, version, update_ts, updated_by, delete_ts, deleted_by, first_name, last_name, middle_name) VALUES ('f5ee2d84-6bf9-4966-9bfd-d38453aee420', '2013-08-22 16:19:40.42', 'admin', 1, '2013-08-22 16:19:40.42', null, null, null, 'Jane', 'Austen', null);
INSERT INTO library_author(id, create_ts, created_by, version, update_ts, updated_by, delete_ts, deleted_by, first_name, last_name, middle_name) VALUES ('6a62273e-3c6f-47b3-a6c7-d70e7b255420', '2013-08-22 16:19:58.13', 'admin', 1, '2013-08-22 16:19:58.13', null, null, null, 'Charlotte', 'Brontë', null);
INSERT INTO library_author(id, create_ts, created_by, version, update_ts, updated_by, delete_ts, deleted_by, first_name, last_name, middle_name) VALUES ('17803e72-2011-42e6-8aa9-cd0c82171b58', '2013-08-22 16:20:40.08', 'admin', 1, '2013-08-22 16:20:40.08', null, null, null, 'Emily', 'Brontë', null);
INSERT INTO library_author(id, create_ts, created_by, version, update_ts, updated_by, delete_ts, deleted_by, first_name, last_name, middle_name) VALUES ('ec197dba-2867-403d-9f00-d7ea54c408f4', '2013-08-22 16:21:05.77', 'admin', 1, '2013-08-22 16:21:05.77', null, null, null, 'George', 'Orwell', null);
INSERT INTO library_author(id, create_ts, created_by, version, update_ts, updated_by, delete_ts, deleted_by, first_name, last_name, middle_name) VALUES ('4b3a21b0-d6b7-4161-b0b6-55f118fbaac5', '2013-08-22 16:21:17.72', 'admin', 1, '2013-08-22 16:21:17.72', null, null, null, 'Oscar', 'Wilde', null);
INSERT INTO library_author(id, create_ts, created_by, version, update_ts, updated_by, delete_ts, deleted_by, first_name, last_name, middle_name) VALUES ('8ead6894-76ad-4aa8-910b-d63f6e59bf00', '2013-08-22 16:21:37.33', 'admin', 1, '2013-08-22 16:21:37.33', null, null, null, 'Joan K.', 'Rowling', null);
INSERT INTO library_author(id, create_ts, created_by, version, update_ts, updated_by, delete_ts, deleted_by, first_name, last_name, middle_name) VALUES ('b41c1385-a38e-4708-b776-a524b83a6555', '2013-08-22 16:20:23.94', 'admin', 2, '2013-08-22 16:31:48.89', 'admin', null, null, 'J.R.R.', 'Tolkien', null);
INSERT INTO library_author(id, create_ts, created_by, version, update_ts, updated_by, delete_ts, deleted_by, first_name, last_name, middle_name) VALUES ('e81418f2-7645-46b9-8e46-8195d2f865a1', '2013-08-22 16:21:59.31', 'admin', 2, '2013-08-22 16:31:55.74', 'admin', null, null, 'C.S.', 'Lewis', null);
INSERT INTO library_author(id, create_ts, created_by, version, update_ts, updated_by, delete_ts, deleted_by, first_name, last_name, middle_name) VALUES ('f20c7fa7-c871-4d45-95c5-0b83e5ab3031', '2013-08-22 16:20:51.78', 'admin', 2, '2013-08-22 18:30:20.47', 'admin', null, null, 'William', 'Shakespeare', null);

------------------------------------------------------------------------------------------------------------

INSERT INTO library_literature_type(id, create_ts, created_by, version, update_ts, updated_by, delete_ts, deleted_by, name) VALUES ('fdd43156-e710-4b0c-b166-767575d7151b', '2013-08-22 15:45:21.24', 'admin', 1, '2013-08-22 15:45:21.24', null, null, null, 'Drama');
INSERT INTO library_literature_type(id, create_ts, created_by, version, update_ts, updated_by, delete_ts, deleted_by, name) VALUES ('f4def123-d803-44d7-a02b-827391921d63', '2013-08-22 15:45:26.24', 'admin', 1, '2013-08-22 15:45:26.24', null, null, null, 'Fable');
INSERT INTO library_literature_type(id, create_ts, created_by, version, update_ts, updated_by, delete_ts, deleted_by, name) VALUES ('ab76a110-a171-45d0-bce5-91db19af6a19', '2013-08-22 15:45:52.79', 'admin', 1, '2013-08-22 15:45:52.79', null, null, null, 'Fantasy');
INSERT INTO library_literature_type(id, create_ts, created_by, version, update_ts, updated_by, delete_ts, deleted_by, name) VALUES ('57fffce9-2063-4513-8024-d36b0197313f', '2013-08-22 15:46:15.15', 'admin', 1, '2013-08-22 15:46:15.15', null, null, null, 'Folklore');
INSERT INTO library_literature_type(id, create_ts, created_by, version, update_ts, updated_by, delete_ts, deleted_by, name) VALUES ('217475cc-cf61-49a6-9786-266b3067911f', '2013-08-22 15:46:42.13', 'admin', 1, '2013-08-22 15:46:42.13', null, null, null, 'Horror');
INSERT INTO library_literature_type(id, create_ts, created_by, version, update_ts, updated_by, delete_ts, deleted_by, name) VALUES ('24034881-b384-438f-9062-d8eae16e8ed2', '2013-08-22 15:46:50.59', 'admin', 1, '2013-08-22 15:46:50.59', null, null, null, 'Humor');
INSERT INTO library_literature_type(id, create_ts, created_by, version, update_ts, updated_by, delete_ts, deleted_by, name) VALUES ('f3ee134b-1f1a-41ed-a9b8-e11b274e1fee', '2013-08-22 15:47:02.39', 'admin', 1, '2013-08-22 15:47:02.39', null, null, null, 'Legend');
INSERT INTO library_literature_type(id, create_ts, created_by, version, update_ts, updated_by, delete_ts, deleted_by, name) VALUES ('398e03d8-9c59-4423-a14f-1971deb96ab2', '2013-08-22 15:48:19.34', 'admin', 1, '2013-08-22 15:48:19.34', null, null, null, 'Mystery');
INSERT INTO library_literature_type(id, create_ts, created_by, version, update_ts, updated_by, delete_ts, deleted_by, name) VALUES ('5b01d1ef-dfea-4828-bbc4-775bc02a6a49', '2013-08-22 15:48:33.73', 'admin', 1, '2013-08-22 15:48:33.73', null, null, null, 'Poetry');
INSERT INTO library_literature_type(id, create_ts, created_by, version, update_ts, updated_by, delete_ts, deleted_by, name) VALUES ('2e8d856d-6e04-41b1-9075-fe06fc896c4b', '2013-08-22 15:51:08.62', 'admin', 1, '2013-08-22 15:51:08.62', null, null, null, 'Short story');
INSERT INTO library_literature_type(id, create_ts, created_by, version, update_ts, updated_by, delete_ts, deleted_by, name) VALUES ('9bae9dcd-8081-4f90-9f4a-9e7a459b2b4e', '2013-08-22 15:45:40.63', 'admin', 2, '2013-08-22 15:51:49.93', 'admin', null, null, 'Fairy tale');
INSERT INTO library_literature_type(id, create_ts, created_by, version, update_ts, updated_by, delete_ts, deleted_by, name) VALUES ('58d12e16-71a5-4b0a-bfaa-86c1874b8753', '2013-08-22 15:48:58.29', 'admin', 4, '2013-08-22 15:53:33.46', 'admin', null, null, 'Science fiction');
INSERT INTO library_literature_type(id, create_ts, created_by, version, update_ts, updated_by, delete_ts, deleted_by, name) VALUES ('c1e9a7d1-ac11-41f9-8eaf-0b769ec66e56', '2013-08-22 15:48:47.09', 'admin', 4, '2013-08-22 15:53:39.72', 'admin', null, null, 'Realistic fiction');
INSERT INTO library_literature_type(id, create_ts, created_by, version, update_ts, updated_by, delete_ts, deleted_by, name) VALUES ('5962c0fe-e1c6-4ce1-b6e4-17b9ae3275d9', '2013-08-22 15:46:30.81', 'admin', 3, '2013-08-22 15:53:50.06', 'admin', null, null, 'Historical fiction');
INSERT INTO library_literature_type(id, create_ts, created_by, version, update_ts, updated_by, delete_ts, deleted_by, name) VALUES ('20e27fa2-4074-44cf-93ae-e150832817f4', '2013-08-22 15:54:24.46', 'admin', 1, '2013-08-22 15:54:24.46', null, null, null, 'Autobiography');
INSERT INTO library_literature_type(id, create_ts, created_by, version, update_ts, updated_by, delete_ts, deleted_by, name) VALUES ('1a5a235c-ad0b-4050-9c6e-a8a98db7c505', '2013-08-22 15:54:38.93', 'admin', 1, '2013-08-22 15:54:38.93', null, null, null, 'Biography');
INSERT INTO library_literature_type(id, create_ts, created_by, version, update_ts, updated_by, delete_ts, deleted_by, name) VALUES ('5a764a36-1ce1-4ee5-ae85-b6b2beacf889', '2013-08-22 15:54:55.41', 'admin', 1, '2013-08-22 15:54:55.41', null, null, null, 'Essay');
INSERT INTO library_literature_type(id, create_ts, created_by, version, update_ts, updated_by, delete_ts, deleted_by, name) VALUES ('99102541-c415-44cc-871c-d9ab4ac10bb0', '2013-08-22 15:55:09.54', 'admin', 1, '2013-08-22 15:55:09.54', null, null, null, 'Narrative nonfiction');
INSERT INTO library_literature_type(id, create_ts, created_by, version, update_ts, updated_by, delete_ts, deleted_by, name) VALUES ('9921293a-f589-45ff-a518-b9ffbe1c8aee', '2013-08-22 15:55:25.56', 'admin', 1, '2013-08-22 15:55:25.56', null, null, null, 'Speech');
INSERT INTO library_literature_type(id, create_ts, created_by, version, update_ts, updated_by, delete_ts, deleted_by, name) VALUES ('2ca68c40-ecb2-4d95-a4fd-c157316d79de', '2013-08-22 15:55:31.57', 'admin', 1, '2013-08-22 15:55:31.57', null, null, null, 'Textbook');
INSERT INTO library_literature_type(id, create_ts, created_by, version, update_ts, updated_by, delete_ts, deleted_by, name) VALUES ('05138813-667a-4c69-b1e0-3cea33c3bdbb', '2013-08-22 15:56:13.12', 'admin', 1, '2013-08-22 15:56:13.12', null, null, null, 'Adventure novel');
INSERT INTO library_literature_type(id, create_ts, created_by, version, update_ts, updated_by, delete_ts, deleted_by, name) VALUES ('831969ba-ff9f-41d9-9576-9b74a5460805', '2013-08-22 15:56:39.13', 'admin', 1, '2013-08-22 15:56:39.13', null, null, null, 'Children''s literature');
INSERT INTO library_literature_type(id, create_ts, created_by, version, update_ts, updated_by, delete_ts, deleted_by, name) VALUES ('284ffc91-29b2-4d39-af7f-7f2896662989', '2013-08-22 15:59:22.76', 'admin', 1, '2013-08-22 15:59:22.76', null, null, null, 'Comic novel');
INSERT INTO library_literature_type(id, create_ts, created_by, version, update_ts, updated_by, delete_ts, deleted_by, name) VALUES ('e006da16-4065-40d6-829b-6becaeef7a7a', '2013-08-22 16:00:24.98', 'admin', 1, '2013-08-22 16:00:24.98', null, null, null, 'Erotic ficton');
INSERT INTO library_literature_type(id, create_ts, created_by, version, update_ts, updated_by, delete_ts, deleted_by, name) VALUES ('f4703f52-26c8-4b33-81f4-1327cbe402ae', '2013-08-22 16:08:25.92', 'admin', 1, '2013-08-22 16:08:25.92', null, null, null, 'Memoir');
INSERT INTO library_literature_type(id, create_ts, created_by, version, update_ts, updated_by, delete_ts, deleted_by, name) VALUES ('1120d0e5-5096-4b00-92aa-0c862cb1090e', '2013-08-22 16:09:06.94', 'admin', 2, '2013-08-22 16:09:12.86', 'admin', null, null, 'Philosophical fiction');
INSERT INTO library_literature_type(id, create_ts, created_by, version, update_ts, updated_by, delete_ts, deleted_by, name) VALUES ('7cb2a739-d296-426e-9b7c-9e7b9161b01b', '2013-08-22 16:09:40.37', 'admin', 1, '2013-08-22 16:09:40.37', null, null, null, 'Political fiction');
INSERT INTO library_literature_type(id, create_ts, created_by, version, update_ts, updated_by, delete_ts, deleted_by, name) VALUES ('67aad722-f36b-4c1d-a9e8-97210304f556', '2013-08-22 16:11:51.55', 'admin', 1, '2013-08-22 16:11:51.55', null, null, null, 'Women''s fiction');
INSERT INTO library_literature_type(id, create_ts, created_by, version, update_ts, updated_by, delete_ts, deleted_by, name) VALUES ('ea60afe3-2ce1-4aef-a1d3-342a24b7d8a7', '2013-08-22 16:09:27.78', 'admin', 2, '2013-08-22 16:18:38.37', 'admin', '2013-08-22 16:18:38.37', 'admin', 'Occupational fiction');
INSERT INTO library_literature_type(id, create_ts, created_by, version, update_ts, updated_by, delete_ts, deleted_by, name) VALUES ('9eb3e134-179d-4eb3-9abc-376262f60ba7', '2013-08-22 15:56:00.07', 'admin', 2, '2013-08-22 18:37:01.36', 'admin', '2013-08-22 18:37:01.36', 'admin', 'Absurdist fiction');
INSERT INTO library_literature_type(id, create_ts, created_by, version, update_ts, updated_by, delete_ts, deleted_by, name) VALUES ('172cc438-3fa8-4b02-aa81-b104ff5a2710', '2013-08-22 18:37:10.17', 'admin', 1, '2013-08-22 18:37:10.17', null, null, null, 'Detective fiction');
INSERT INTO library_literature_type(id, create_ts, created_by, version, update_ts, updated_by, delete_ts, deleted_by, name) VALUES ('3b116679-0977-42f5-ab08-105c374ac55c', '2013-08-22 18:43:02.22', 'admin', 1, '2013-08-22 18:43:02.22', null, null, null, 'Dystopia');
INSERT INTO library_literature_type(id, create_ts, created_by, version, update_ts, updated_by, delete_ts, deleted_by, name) VALUES ('4ff7360b-c8d6-4da9-9445-38d9e12b910a', '2013-08-22 15:53:58.56', 'admin', 2, '2013-08-23 11:50:53.42', 'admin', '2013-08-23 11:50:53.42', 'admin', 'Tall tale');
INSERT INTO library_literature_type(id, create_ts, created_by, version, update_ts, updated_by, delete_ts, deleted_by, name) VALUES ('6ae3b06b-bcf2-4457-8721-8a40aa5001e5', '2013-08-22 15:59:39.54', 'admin', 2, '2013-08-23 11:51:00.78', 'admin', '2013-08-23 11:51:00.78', 'admin', 'Education fiction');
INSERT INTO library_literature_type(id, create_ts, created_by, version, update_ts, updated_by, delete_ts, deleted_by, name) VALUES ('e7925b23-c7e4-4ef4-b206-254f2ed83d79', '2013-08-22 16:00:04.17', 'admin', 2, '2013-08-23 11:51:12.49', 'admin', null, null, 'Gothic fiction');
INSERT INTO library_literature_type(id, create_ts, created_by, version, update_ts, updated_by, delete_ts, deleted_by, name) VALUES ('4a51d0ac-5e87-4691-b24f-f82ffbfbd77c', '2013-08-23 11:51:36.82', 'admin', 1, '2013-08-23 11:51:36.82', null, null, null, 'Sentimental prose');
INSERT INTO library_literature_type(id, create_ts, created_by, version, update_ts, updated_by, delete_ts, deleted_by, name) VALUES ('ad4b94d3-0eef-4632-be45-66a0bcbc7c31', '2013-08-22 15:48:24.77', 'admin', 2, '2013-08-23 15:51:00.04', 'admin', '2013-08-23 15:51:00.04', 'admin', 'Mythology');
INSERT INTO library_literature_type(id, create_ts, created_by, version, update_ts, updated_by, delete_ts, deleted_by, name) VALUES ('5eb5f0a1-dfb5-4c15-b328-10d7e1508cb5', '2013-08-22 16:10:07.17', 'admin', 2, '2013-08-23 15:51:12.51', 'admin', '2013-08-23 15:51:12.51', 'admin', 'Religious fiction');
INSERT INTO library_literature_type(id, create_ts, created_by, version, update_ts, updated_by, delete_ts, deleted_by, name) VALUES ('fa576f06-613a-4afc-beeb-b33f31756135', '2013-08-22 16:09:53.27', 'admin', 2, '2013-08-23 15:51:21.16', 'admin', '2013-08-23 15:51:21.16', 'admin', 'Pulp fiction');
INSERT INTO library_literature_type(id, create_ts, created_by, version, update_ts, updated_by, delete_ts, deleted_by, name) VALUES ('e8b4f42f-167f-4e94-b2a4-2502f77290cb', '2013-08-22 16:12:25.94', 'admin', 2, '2013-08-23 15:51:28.33', 'admin', '2013-08-23 15:51:28.33', 'admin', 'Tragedy');
INSERT INTO library_literature_type(id, create_ts, created_by, version, update_ts, updated_by, delete_ts, deleted_by, name) VALUES ('6ec36293-ef98-4634-b40b-10355ddfe122', '2013-08-22 16:12:30.28', 'admin', 2, '2013-08-23 15:51:36.63', 'admin', '2013-08-23 15:51:36.63', 'admin', 'Thriller');
INSERT INTO library_literature_type(id, create_ts, created_by, version, update_ts, updated_by, delete_ts, deleted_by, name) VALUES ('43ac5955-28c0-4f1a-aa5f-28503f967a57', '2013-08-23 15:51:45.47', 'admin', 1, '2013-08-23 15:51:45.47', null, null, null, 'War prose');
INSERT INTO library_literature_type(id, create_ts, created_by, version, update_ts, updated_by, delete_ts, deleted_by, name) VALUES ('c824365d-f149-493a-bb81-9a9f8e1f36a3', '2013-08-23 18:21:32.95', 'admin', 1, '2013-08-23 18:21:32.95', null, null, null, 'Thriller');
INSERT INTO library_literature_type(id, create_ts, created_by, version, update_ts, updated_by, delete_ts, deleted_by, name) VALUES ('6d328138-8ba0-4b46-b064-cf026735d43e', '2013-08-23 18:24:19.19', 'admin', 1, '2013-08-23 18:24:19.19', null, null, null, 'Religious fiction');
INSERT INTO library_literature_type(id, create_ts, created_by, version, update_ts, updated_by, delete_ts, deleted_by, name) VALUES ('0ba1df83-75d4-4b18-aa33-aad3c39fe383', '2013-08-23 18:21:05.67', 'admin', 2, '2013-08-23 18:24:52.87', 'admin', '2013-08-23 18:24:52.87', 'admin', 'Thriller');
INSERT INTO library_literature_type(id, create_ts, created_by, version, update_ts, updated_by, delete_ts, deleted_by, name) VALUES ('fc0e4855-8aeb-4815-80cf-3e6e71d1655a', '2013-08-23 18:24:44.54', 'admin', 2, '2013-08-23 18:24:59.02', 'admin', '2013-08-23 18:24:59.02', 'admin', 'Religious Fiction');
INSERT INTO library_literature_type(id, create_ts, created_by, version, update_ts, updated_by, delete_ts, deleted_by, name) VALUES ('c4df904f-b61b-4c39-8069-22dd4b8d528f', '2013-08-29 18:12:04.14', 'admin', 1, '2013-08-29 18:12:04.14', null, null, null, 'Alternate history');

------------------------------------------------------------------------------------------------------------

INSERT INTO library_book(id, create_ts, created_by, version, update_ts, updated_by, delete_ts, deleted_by, name, literature_type_id) VALUES ('c073c4a2-c6e3-4428-aa19-f63ab0317b6d', '2013-08-22 17:50:26.43', 'admin', 1, '2013-08-22 17:50:26.43', null, null, null, 'Pride and Prejudice', 'c1e9a7d1-ac11-41f9-8eaf-0b769ec66e56');
INSERT INTO library_book(id, create_ts, created_by, version, update_ts, updated_by, delete_ts, deleted_by, name, literature_type_id) VALUES ('ffaacded-959d-40d8-a814-87e7dc797f73', '2013-08-22 17:51:06.01', 'admin', 1, '2013-08-22 17:51:06.01', null, null, null, 'Jane Eyre', 'c1e9a7d1-ac11-41f9-8eaf-0b769ec66e56');
INSERT INTO library_book(id, create_ts, created_by, version, update_ts, updated_by, delete_ts, deleted_by, name, literature_type_id) VALUES ('9b0e368a-b76a-40e6-b52f-3d3586b1443f', '2013-08-22 18:16:57.87', 'admin', 1, '2013-08-22 18:16:57.87', null, null, null, 'The Lord of the Rings (#1-3)', 'ab76a110-a171-45d0-bce5-91db19af6a19');
INSERT INTO library_book(id, create_ts, created_by, version, update_ts, updated_by, delete_ts, deleted_by, name, literature_type_id) VALUES ('06b4ae95-2bc2-4d4e-ae37-14adcdca4954', '2013-08-22 18:17:33.95', 'admin', 1, '2013-08-22 18:17:33.95', null, null, null, 'Wuthering Heights', 'c1e9a7d1-ac11-41f9-8eaf-0b769ec66e56');
INSERT INTO library_book(id, create_ts, created_by, version, update_ts, updated_by, delete_ts, deleted_by, name, literature_type_id) VALUES ('1904bc24-b554-4b2f-bdd4-eb130057e624', '2013-08-22 18:30:23.64', 'admin', 1, '2013-08-22 18:30:23.64', null, null, null, 'The Complete Works', '5b01d1ef-dfea-4828-bbc4-775bc02a6a49');
INSERT INTO library_book(id, create_ts, created_by, version, update_ts, updated_by, delete_ts, deleted_by, name, literature_type_id) VALUES ('aad9576f-d9ee-4afd-bc3b-ee9486bc6d83', '2013-08-22 18:31:45.18', 'admin', 1, '2013-08-22 18:31:45.18', null, null, null, 'The Picture of Dorian Gray', '398e03d8-9c59-4423-a14f-1971deb96ab2');
INSERT INTO library_book(id, create_ts, created_by, version, update_ts, updated_by, delete_ts, deleted_by, name, literature_type_id) VALUES ('317af461-cfc0-49f5-9ffa-767715c7e3f8', '2013-08-22 18:32:21.85', 'admin', 1, '2013-08-22 18:32:21.85', null, null, null, 'Harry Potter Boxset (#1-7)', '831969ba-ff9f-41d9-9576-9b74a5460805');
INSERT INTO library_book(id, create_ts, created_by, version, update_ts, updated_by, delete_ts, deleted_by, name, literature_type_id) VALUES ('4a71f953-8c9b-4d18-94f7-8b6ddb32289c', '2013-08-22 18:32:57.71', 'admin', 2, '2013-08-22 18:33:26.12', 'admin', null, null, 'The Chronicles of Narnia (#1-7)', 'ab76a110-a171-45d0-bce5-91db19af6a19');
INSERT INTO library_book(id, create_ts, created_by, version, update_ts, updated_by, delete_ts, deleted_by, name, literature_type_id) VALUES ('ff3b0136-768c-4db8-8368-aaa85ff65da7', '2013-08-22 18:34:07.49', 'admin', 1, '2013-08-22 18:34:07.49', null, null, null, 'Emma', 'c1e9a7d1-ac11-41f9-8eaf-0b769ec66e56');
INSERT INTO library_book(id, create_ts, created_by, version, update_ts, updated_by, delete_ts, deleted_by, name, literature_type_id) VALUES ('c2d7a99b-c698-4f17-adc8-1514c6e724e6', '2013-08-22 18:36:06.95', 'admin', 1, '2013-08-22 18:36:06.95', null, null, null, 'Animal Farm', '7cb2a739-d296-426e-9b7c-9e7b9161b01b');

------------------------------------------------------------------------------------------------------------

INSERT INTO library_book_author_link(book_id, author_id) VALUES ('c073c4a2-c6e3-4428-aa19-f63ab0317b6d', 'f5ee2d84-6bf9-4966-9bfd-d38453aee420');
INSERT INTO library_book_author_link(book_id, author_id) VALUES ('ffaacded-959d-40d8-a814-87e7dc797f73', '6a62273e-3c6f-47b3-a6c7-d70e7b255420');
INSERT INTO library_book_author_link(book_id, author_id) VALUES ('9b0e368a-b76a-40e6-b52f-3d3586b1443f', 'b41c1385-a38e-4708-b776-a524b83a6555');
INSERT INTO library_book_author_link(book_id, author_id) VALUES ('06b4ae95-2bc2-4d4e-ae37-14adcdca4954', '17803e72-2011-42e6-8aa9-cd0c82171b58');
INSERT INTO library_book_author_link(book_id, author_id) VALUES ('1904bc24-b554-4b2f-bdd4-eb130057e624', 'f20c7fa7-c871-4d45-95c5-0b83e5ab3031');
INSERT INTO library_book_author_link(book_id, author_id) VALUES ('aad9576f-d9ee-4afd-bc3b-ee9486bc6d83', '4b3a21b0-d6b7-4161-b0b6-55f118fbaac5');
INSERT INTO library_book_author_link(book_id, author_id) VALUES ('317af461-cfc0-49f5-9ffa-767715c7e3f8', '8ead6894-76ad-4aa8-910b-d63f6e59bf00');
INSERT INTO library_book_author_link(book_id, author_id) VALUES ('4a71f953-8c9b-4d18-94f7-8b6ddb32289c', 'e81418f2-7645-46b9-8e46-8195d2f865a1');
INSERT INTO library_book_author_link(book_id, author_id) VALUES ('ff3b0136-768c-4db8-8368-aaa85ff65da7', 'f5ee2d84-6bf9-4966-9bfd-d38453aee420');
INSERT INTO library_book_author_link(book_id, author_id) VALUES ('c2d7a99b-c698-4f17-adc8-1514c6e724e6', 'ec197dba-2867-403d-9f00-d7ea54c408f4');

------------------------------------------------------------------------------------------------------------

INSERT INTO library_library_department(id, create_ts, created_by, version, update_ts, updated_by, delete_ts, deleted_by, name) VALUES ('3a86cbc2-9cad-43b1-8493-10f4def86746', '2013-08-22 17:05:47.57', 'admin', 1, '2013-08-22 17:05:47.57', null, null, null, 'Children''s Department');
INSERT INTO library_library_department(id, create_ts, created_by, version, update_ts, updated_by, delete_ts, deleted_by, name) VALUES ('2f68f16a-d24b-4649-a8d9-bdf196cb2f26', '2013-08-22 17:06:08.83', 'admin', 1, '2013-08-22 17:06:08.83', null, null, null, 'Fiction Department');
INSERT INTO library_library_department(id, create_ts, created_by, version, update_ts, updated_by, delete_ts, deleted_by, name) VALUES ('16408475-822a-4435-9b52-aa652885d4f0', '2013-08-22 17:06:22.58', 'admin', 1, '2013-08-22 17:06:22.58', null, null, null, 'Humanities Department');
INSERT INTO library_library_department(id, create_ts, created_by, version, update_ts, updated_by, delete_ts, deleted_by, name) VALUES ('d3d79593-a2da-4bb9-b642-2388b171a903', '2013-08-22 17:06:50.84', 'admin', 1, '2013-08-22 17:06:50.84', null, null, null, 'Teen Department and Student Express');
INSERT INTO library_library_department(id, create_ts, created_by, version, update_ts, updated_by, delete_ts, deleted_by, name) VALUES ('353ee9af-4f95-48d5-8b98-d4efd330cbf0', '2013-08-22 17:07:06.57', 'admin', 1, '2013-08-22 17:07:06.57', null, null, null, 'Special Collections');
INSERT INTO library_library_department(id, create_ts, created_by, version, update_ts, updated_by, delete_ts, deleted_by, name) VALUES ('1d72cb25-0765-462a-ab24-c9038ce2a291', '2013-08-22 17:07:30.35', 'admin', 1, '2013-08-22 17:07:30.35', null, null, null, 'Social Science and History Department');
INSERT INTO library_library_department(id, create_ts, created_by, version, update_ts, updated_by, delete_ts, deleted_by, name) VALUES ('d5c15cc0-c42b-4954-8071-1f754b77fd70', '2013-08-22 17:07:43.02', 'admin', 1, '2013-08-22 17:07:43.02', null, null, null, 'Fine Arts and Music Department');
INSERT INTO library_library_department(id, create_ts, created_by, version, update_ts, updated_by, delete_ts, deleted_by, name) VALUES ('25310f10-2a6a-4585-9db8-b8e8c38ae62c', '2013-08-22 17:09:08.03', 'admin', 2, '2013-08-28 16:55:56.37', 'admin', '2013-08-28 16:55:56.37', 'admin', 'Periodicals Department');
INSERT INTO library_library_department(id, create_ts, created_by, version, update_ts, updated_by, delete_ts, deleted_by, name) VALUES ('fc3e7561-4ffe-4a33-971a-c88724e4fa9a', '2013-08-22 17:08:56.19', 'admin', 2, '2013-08-28 16:55:59.37', 'admin', '2013-08-28 16:55:59.37', 'admin', 'Government Documents');
INSERT INTO library_library_department(id, create_ts, created_by, version, update_ts, updated_by, delete_ts, deleted_by, name) VALUES ('f9741e52-1cbf-4b0c-bb01-b2282524f5dd', '2013-08-22 17:09:24.61', 'admin', 2, '2013-08-28 16:56:03.38', 'admin', '2013-08-28 16:56:03.38', 'admin', 'Business, Science, and Technology Department');
INSERT INTO library_library_department(id, create_ts, created_by, version, update_ts, updated_by, delete_ts, deleted_by, name) VALUES ('044dbab9-f243-4c70-b24c-314e8c782d54', '2013-10-08 15:40:05.49', 'admin', 2, '2013-10-08 15:40:09.9', 'admin', '2013-10-08 15:40:09.9', 'admin', '111');

------------------------------------------------------------------------------------------------------------

INSERT INTO library_publisher(id, create_ts, created_by, version, update_ts, updated_by, delete_ts, deleted_by, name) VALUES ('975449df-5f8b-4702-932e-55ae54ad9c17', '2013-08-22 17:37:46.45', 'admin', 2, '2013-08-22 17:39:02.52', 'admin', '2013-08-22 17:39:02.52', 'admin', 'Reed Elsevier');
INSERT INTO library_publisher(id, create_ts, created_by, version, update_ts, updated_by, delete_ts, deleted_by, name) VALUES ('d3ea2a72-e7a3-4bea-b8d7-8e17095612aa', '2013-08-22 17:37:36.83', 'admin', 2, '2013-08-22 17:39:04.75', 'admin', '2013-08-22 17:39:04.75', 'admin', 'Pearson');
INSERT INTO library_publisher(id, create_ts, created_by, version, update_ts, updated_by, delete_ts, deleted_by, name) VALUES ('b4e23082-6da4-4b97-86ee-4e4cc1b52d1f', '2013-08-22 17:37:54.25', 'admin', 2, '2013-08-22 17:39:06.79', 'admin', '2013-08-22 17:39:06.79', 'admin', 'ThomsonReuters');
INSERT INTO library_publisher(id, create_ts, created_by, version, update_ts, updated_by, delete_ts, deleted_by, name) VALUES ('c2076537-a2fa-4381-894d-cedf5b9a4ce0', '2013-08-22 17:38:04.13', 'admin', 2, '2013-08-22 17:39:08.96', 'admin', '2013-08-22 17:39:08.96', 'admin', 'Wolters Kluwer');
INSERT INTO library_publisher(id, create_ts, created_by, version, update_ts, updated_by, delete_ts, deleted_by, name) VALUES ('4d9a03c1-8d86-46ae-9aa9-e74f7120d477', '2013-08-22 17:40:09.6', 'admin', 1, '2013-08-22 17:40:09.6', null, null, null, 'Hachette Book Group');
INSERT INTO library_publisher(id, create_ts, created_by, version, update_ts, updated_by, delete_ts, deleted_by, name) VALUES ('0738b821-832b-45c8-bb62-01cb1df56c0d', '2013-08-22 17:40:17.17', 'admin', 1, '2013-08-22 17:40:17.17', null, null, null, 'HarperCollins');
INSERT INTO library_publisher(id, create_ts, created_by, version, update_ts, updated_by, delete_ts, deleted_by, name) VALUES ('f3ff0275-876a-4bdd-986f-1f4b53b3f9a1', '2013-08-22 17:40:24.59', 'admin', 1, '2013-08-22 17:40:24.59', null, null, null, 'Penguin Group');
INSERT INTO library_publisher(id, create_ts, created_by, version, update_ts, updated_by, delete_ts, deleted_by, name) VALUES ('3c4681d0-025c-4c8d-b40a-0205fa3a7347', '2013-08-22 17:40:31.82', 'admin', 1, '2013-08-22 17:40:31.82', null, null, null, 'Random House');
INSERT INTO library_publisher(id, create_ts, created_by, version, update_ts, updated_by, delete_ts, deleted_by, name) VALUES ('4e7d281d-7c38-4b62-9832-b407cdd9a71f', '2013-08-22 17:40:38.51', 'admin', 1, '2013-08-22 17:40:38.51', null, null, null, 'Simon & Schuster');
INSERT INTO library_publisher(id, create_ts, created_by, version, update_ts, updated_by, delete_ts, deleted_by, name) VALUES ('6f784d7f-379b-46d4-a09a-4a563869a1bc', '2013-08-22 17:41:04.45', 'admin', 1, '2013-08-22 17:41:04.45', null, null, null, 'Little Brown & Co.');
INSERT INTO library_publisher(id, create_ts, created_by, version, update_ts, updated_by, delete_ts, deleted_by, name) VALUES ('18dd3052-f15e-4445-b9d9-6c18f4e34816', '2013-08-22 17:41:12.34', 'admin', 2, '2013-08-22 17:41:22.78', 'admin', '2013-08-22 17:41:22.78', 'admin', 'Little Brown & Co.');
INSERT INTO library_publisher(id, create_ts, created_by, version, update_ts, updated_by, delete_ts, deleted_by, name) VALUES ('a552d1b7-6ba2-44ef-bb7c-2e76d230f713', '2013-08-22 17:41:42.74', 'admin', 1, '2013-08-22 17:41:42.74', null, null, null, 'Thompson');
INSERT INTO library_publisher(id, create_ts, created_by, version, update_ts, updated_by, delete_ts, deleted_by, name) VALUES ('f0b7dfe2-f7f3-426a-96c4-1f188e668fbb', '2013-08-22 17:41:58.05', 'admin', 1, '2013-08-22 17:41:58.05', null, null, null, 'John Wiley & Sons');
INSERT INTO library_publisher(id, create_ts, created_by, version, update_ts, updated_by, delete_ts, deleted_by, name) VALUES ('af16c348-82ab-447a-b130-7f18b42ccc83', '2013-08-22 17:42:05.91', 'admin', 1, '2013-08-22 17:42:05.91', null, null, null, 'Avon Books');
INSERT INTO library_publisher(id, create_ts, created_by, version, update_ts, updated_by, delete_ts, deleted_by, name) VALUES ('691685f3-4d58-47ad-b2e9-b90e97a6015f', '2013-08-22 17:42:16.94', 'admin', 1, '2013-08-22 17:42:16.94', null, null, null, 'Houghton Mifflin');
INSERT INTO library_publisher(id, create_ts, created_by, version, update_ts, updated_by, delete_ts, deleted_by, name) VALUES ('09a531ce-0409-4bc8-9e04-b4ea04705263', '2013-08-22 17:41:33.2', 'admin', 2, '2013-08-23 12:25:34.76', 'admin', '2013-08-23 12:25:34.76', 'admin', 'Nolo Press');
INSERT INTO library_publisher(id, create_ts, created_by, version, update_ts, updated_by, delete_ts, deleted_by, name) VALUES ('c60e75bf-f778-4003-984c-ae39a5852c96', '2013-08-23 12:26:43.69', 'admin', 1, '2013-08-23 12:26:43.69', null, null, null, 'Waterstones');
INSERT INTO library_publisher(id, create_ts, created_by, version, update_ts, updated_by, delete_ts, deleted_by, name) VALUES ('9840490c-caf9-4945-be42-8414070911b0', '2013-08-22 17:48:36.68', 'admin', 2, '2013-08-23 12:26:55.95', 'admin', null, null, 'Bloomsbury Publishing');
INSERT INTO library_publisher(id, create_ts, created_by, version, update_ts, updated_by, delete_ts, deleted_by, name) VALUES ('fd333fd5-ad64-4a63-b2e9-1c08f160ce0c', '2013-08-23 12:27:44.33', 'admin', 1, '2013-08-23 12:27:44.33', null, null, null, 'Macmillan Publishers');
INSERT INTO library_publisher(id, create_ts, created_by, version, update_ts, updated_by, delete_ts, deleted_by, name) VALUES ('b36a7fa6-4edd-4bab-a34e-9879521af327', '2013-08-23 12:28:17.18', 'admin', 1, '2013-08-23 12:28:17.18', null, null, null, 'Faber and Faber');
INSERT INTO library_publisher(id, create_ts, created_by, version, update_ts, updated_by, delete_ts, deleted_by, name) VALUES ('52706767-8c93-43e3-920f-dfa6b841dfe0', '2013-08-23 12:28:50.99', 'admin', 1, '2013-08-23 12:28:50.99', null, null, null, 'Atlantic Books');
INSERT INTO library_publisher(id, create_ts, created_by, version, update_ts, updated_by, delete_ts, deleted_by, name) VALUES ('cf1d978d-ab68-448e-8543-e2e28d8e157b', '2013-08-23 12:29:05.79', 'admin', 1, '2013-08-23 12:29:05.79', null, null, null, 'Canongate Books');
INSERT INTO library_publisher(id, create_ts, created_by, version, update_ts, updated_by, delete_ts, deleted_by, name) VALUES ('4c592e2e-59bf-4a87-b705-fe5b9ed323ce', '2013-08-23 12:29:14.48', 'admin', 1, '2013-08-23 12:29:14.48', null, null, null, 'Edinburgh');
INSERT INTO library_publisher(id, create_ts, created_by, version, update_ts, updated_by, delete_ts, deleted_by, name) VALUES ('7a8ae349-0998-44dc-8ad3-6d9f537a3c3e', '2013-08-23 12:29:27.93', 'admin', 1, '2013-08-23 12:29:27.93', null, null, null, 'Profile Books');
INSERT INTO library_publisher(id, create_ts, created_by, version, update_ts, updated_by, delete_ts, deleted_by, name) VALUES ('5f52b9ff-6333-461c-b18a-3852f264ed50', '2013-08-23 12:30:28.35', 'admin', 1, '2013-08-23 12:30:28.35', null, null, null, 'Granta Books');
INSERT INTO library_publisher(id, create_ts, created_by, version, update_ts, updated_by, delete_ts, deleted_by, name) VALUES ('4960832e-0adc-44f4-a68e-f2046376baa1', '2013-08-23 12:30:45.74', 'admin', 1, '2013-08-23 12:30:45.74', null, null, null, 'Quercus Publishing');
INSERT INTO library_publisher(id, create_ts, created_by, version, update_ts, updated_by, delete_ts, deleted_by, name) VALUES ('4f6aab22-0be2-41c4-aaae-099c951f2fdb', '2013-08-23 12:31:02.03', 'admin', 2, '2013-08-23 12:31:05.61', 'admin', '2013-08-23 12:31:05.61', 'admin', 'Quercus Publishing');
INSERT INTO library_publisher(id, create_ts, created_by, version, update_ts, updated_by, delete_ts, deleted_by, name) VALUES ('f8d5faeb-181e-4254-a730-00c8d1108415', '2013-08-23 12:31:49.22', 'admin', 1, '2013-08-23 12:31:49.22', null, null, null, 'Egmont Publishing');
INSERT INTO library_publisher(id, create_ts, created_by, version, update_ts, updated_by, delete_ts, deleted_by, name) VALUES ('954e9afa-4304-4637-82e4-3d2048340f6a', '2013-08-23 12:32:04.69', 'admin', 1, '2013-08-23 12:32:04.69', null, null, null, 'Elsevier');

------------------------------------------------------------------------------------------------------------

INSERT INTO library_town(id, create_ts, created_by, version, update_ts, updated_by, delete_ts, deleted_by, name) VALUES ('9fef085c-dc40-48e4-bbc6-e5c47aca6036', '2013-08-22 17:13:16.96', 'admin', 3, '2013-08-22 17:21:07.57', 'admin', '2013-08-22 17:21:07.57', 'admin', 'Belair-Edison');
INSERT INTO library_town(id, create_ts, created_by, version, update_ts, updated_by, delete_ts, deleted_by, name) VALUES ('3ddcdf4f-a387-4b3a-bf2a-9fc91bdb954f', '2013-08-23 12:18:31.77', 'admin', 1, '2013-08-23 12:18:31.77', null, null, null, 'New York');
INSERT INTO library_town(id, create_ts, created_by, version, update_ts, updated_by, delete_ts, deleted_by, name) VALUES ('fd315c38-7770-4c06-b7d6-86e7d7bb2588', '2013-08-22 17:11:20.72', 'admin', 3, '2013-08-23 12:19:45.57', 'admin', null, null, 'London');
INSERT INTO library_town(id, create_ts, created_by, version, update_ts, updated_by, delete_ts, deleted_by, name) VALUES ('f99e83f5-fd9d-456a-8cfd-a5148d92d917', '2013-08-22 17:11:31.87', 'admin', 2, '2013-08-23 12:19:52.17', 'admin', '2013-08-23 12:19:52.17', 'admin', 'Canton');
INSERT INTO library_town(id, create_ts, created_by, version, update_ts, updated_by, delete_ts, deleted_by, name) VALUES ('1a9192e3-d8fc-4e11-9cbb-f17b9876155e', '2013-08-22 17:11:42.23', 'admin', 2, '2013-08-23 12:19:56.26', 'admin', '2013-08-23 12:19:56.26', 'admin', 'Cherry Hill');
INSERT INTO library_town(id, create_ts, created_by, version, update_ts, updated_by, delete_ts, deleted_by, name) VALUES ('e454f7dd-4d91-4d82-be1c-972f268b40fc', '2013-08-22 17:11:51.68', 'admin', 2, '2013-08-23 12:19:58.36', 'admin', '2013-08-23 12:19:58.36', 'admin', 'Clifton');
INSERT INTO library_town(id, create_ts, created_by, version, update_ts, updated_by, delete_ts, deleted_by, name) VALUES ('a8323e47-14db-4e65-bb21-607f82799ec1', '2013-08-22 17:12:19.47', 'admin', 2, '2013-08-23 12:20:01.03', 'admin', '2013-08-23 12:20:01.03', 'admin', 'Hamilton');
INSERT INTO library_town(id, create_ts, created_by, version, update_ts, updated_by, delete_ts, deleted_by, name) VALUES ('d44c8867-0194-47c7-9722-7b9f84d5a010', '2013-08-22 17:12:42.74', 'admin', 2, '2013-08-23 12:20:03.78', 'admin', '2013-08-23 12:20:03.78', 'admin', 'Govans');
INSERT INTO library_town(id, create_ts, created_by, version, update_ts, updated_by, delete_ts, deleted_by, name) VALUES ('344249e2-a31e-4b34-97f7-9a8834187c7c', '2013-08-22 17:13:08.13', 'admin', 2, '2013-08-23 12:20:06.11', 'admin', '2013-08-23 12:20:06.11', 'admin', 'Hampden');
INSERT INTO library_town(id, create_ts, created_by, version, update_ts, updated_by, delete_ts, deleted_by, name) VALUES ('921ec18c-ef95-42de-9263-9b33d4af32e9', '2013-08-22 17:12:59.2', 'admin', 2, '2013-08-23 12:20:08.98', 'admin', '2013-08-23 12:20:08.98', 'admin', 'Forest Park');
INSERT INTO library_town(id, create_ts, created_by, version, update_ts, updated_by, delete_ts, deleted_by, name) VALUES ('fa1e39ba-1e7d-4c79-9cde-276c6c40d36a', '2013-08-22 17:13:28.99', 'admin', 2, '2013-08-23 12:20:15.9', 'admin', '2013-08-23 12:20:15.9', 'admin', 'Northwood');
INSERT INTO library_town(id, create_ts, created_by, version, update_ts, updated_by, delete_ts, deleted_by, name) VALUES ('b6419c3c-dfae-4c88-94e2-02f80022d0bb', '2013-08-22 17:13:56.6', 'admin', 2, '2013-08-23 12:20:18.42', 'admin', '2013-08-23 12:20:18.42', 'admin', 'Highlandtown');
INSERT INTO library_town(id, create_ts, created_by, version, update_ts, updated_by, delete_ts, deleted_by, name) VALUES ('f696aa4a-91cf-461f-9ace-01266c8901ca', '2013-08-22 17:14:18.99', 'admin', 2, '2013-08-23 12:20:20.98', 'admin', '2013-08-23 12:20:20.98', 'admin', 'Roland Park');
INSERT INTO library_town(id, create_ts, created_by, version, update_ts, updated_by, delete_ts, deleted_by, name) VALUES ('59e0ee3d-b754-47f0-94db-bb5f7d6bc0d3', '2013-08-22 17:15:02.78', 'admin', 2, '2013-08-23 12:20:23.18', 'admin', '2013-08-23 12:20:23.18', 'admin', 'Washington Village');
INSERT INTO library_town(id, create_ts, created_by, version, update_ts, updated_by, delete_ts, deleted_by, name) VALUES ('6d50c910-0c7a-4980-8433-4dcaccb83e91', '2013-08-22 17:15:18.11', 'admin', 2, '2013-08-23 12:20:26.4', 'admin', '2013-08-23 12:20:26.4', 'admin', 'Waverly');
INSERT INTO library_town(id, create_ts, created_by, version, update_ts, updated_by, delete_ts, deleted_by, name) VALUES ('4e266148-63c9-469d-b23a-bcc62a3fe9de', '2013-08-23 12:20:32.19', 'admin', 1, '2013-08-23 12:20:32.19', null, null, null, 'Paris');
INSERT INTO library_town(id, create_ts, created_by, version, update_ts, updated_by, delete_ts, deleted_by, name) VALUES ('a48dd33e-1b55-4f82-a3a8-ffe7dcb5bc73', '2013-08-23 12:21:41.42', 'admin', 1, '2013-08-23 12:21:41.42', null, null, null, 'Stamford');
INSERT INTO library_town(id, create_ts, created_by, version, update_ts, updated_by, delete_ts, deleted_by, name) VALUES ('8542c640-8fdf-4746-af10-8b81813fc10d', '2013-08-23 12:23:14.33', 'admin', 1, '2013-08-23 12:23:14.33', null, null, null, 'Boston');
INSERT INTO library_town(id, create_ts, created_by, version, update_ts, updated_by, delete_ts, deleted_by, name) VALUES ('691cf937-20dd-4401-b159-9ba353beed23', '2013-08-23 12:34:41.38', 'admin', 1, '2013-08-23 12:34:41.38', null, null, null, 'Cambridge');

------------------------------------------------------------------------------------------------------------

INSERT INTO library_book_publication(id, create_ts, created_by, version, update_ts, updated_by, delete_ts, deleted_by, year_, book_id, publisher_id, town_id) VALUES ('7d8a23ad-85ee-4987-b771-8d4d14e3ad35', '2013-08-27 15:42:00.78', 'admin', 1, '2013-08-27 15:42:00.78', null, null, null, 1987, 'c073c4a2-c6e3-4428-aa19-f63ab0317b6d', 'af16c348-82ab-447a-b130-7f18b42ccc83', '8542c640-8fdf-4746-af10-8b81813fc10d');
INSERT INTO library_book_publication(id, create_ts, created_by, version, update_ts, updated_by, delete_ts, deleted_by, year_, book_id, publisher_id, town_id) VALUES ('78419d89-9e4b-49a3-94aa-48fe585fb406', '2013-08-27 15:42:00.81', 'admin', 1, '2013-08-27 15:42:00.81', null, null, null, 1961, 'ffaacded-959d-40d8-a814-87e7dc797f73', '0738b821-832b-45c8-bb62-01cb1df56c0d', 'a48dd33e-1b55-4f82-a3a8-ffe7dcb5bc73');
INSERT INTO library_book_publication(id, create_ts, created_by, version, update_ts, updated_by, delete_ts, deleted_by, year_, book_id, publisher_id, town_id) VALUES ('0dd24375-7be4-4021-bc78-575194712dd8', '2013-08-27 15:42:00.84', 'admin', 1, '2013-08-27 15:42:00.84', null, null, null, 1973, '9b0e368a-b76a-40e6-b52f-3d3586b1443f', '691685f3-4d58-47ad-b2e9-b90e97a6015f', 'fd315c38-7770-4c06-b7d6-86e7d7bb2588');
INSERT INTO library_book_publication(id, create_ts, created_by, version, update_ts, updated_by, delete_ts, deleted_by, year_, book_id, publisher_id, town_id) VALUES ('532682f8-dcf1-4f3a-88dc-743edfbe86f4', '2013-08-27 15:42:00.85', 'admin', 1, '2013-08-27 15:42:00.85', null, null, null, 1990, '06b4ae95-2bc2-4d4e-ae37-14adcdca4954', '954e9afa-4304-4637-82e4-3d2048340f6a', 'fd315c38-7770-4c06-b7d6-86e7d7bb2588');
INSERT INTO library_book_publication(id, create_ts, created_by, version, update_ts, updated_by, delete_ts, deleted_by, year_, book_id, publisher_id, town_id) VALUES ('a1843bd5-91a3-4be6-9abc-0c2880d8b6c0', '2013-08-27 15:42:00.88', 'admin', 1, '2013-08-27 15:42:00.88', null, null, null, 1971, 'aad9576f-d9ee-4afd-bc3b-ee9486bc6d83', '9840490c-caf9-4945-be42-8414070911b0', '691cf937-20dd-4401-b159-9ba353beed23');
INSERT INTO library_book_publication(id, create_ts, created_by, version, update_ts, updated_by, delete_ts, deleted_by, year_, book_id, publisher_id, town_id) VALUES ('4f88c506-48a2-4066-ba3f-5949c3d0f305', '2013-08-27 15:42:00.9', 'admin', 1, '2013-08-27 15:42:00.9', null, null, null, 1996, '317af461-cfc0-49f5-9ffa-767715c7e3f8', 'fd333fd5-ad64-4a63-b2e9-1c08f160ce0c', '3ddcdf4f-a387-4b3a-bf2a-9fc91bdb954f');
INSERT INTO library_book_publication(id, create_ts, created_by, version, update_ts, updated_by, delete_ts, deleted_by, year_, book_id, publisher_id, town_id) VALUES ('74eb27b0-8923-4ff3-bf9f-8a0d5544814d', '2013-08-27 15:42:00.91', 'admin', 1, '2013-08-27 15:42:00.91', null, null, null, 1968, '4a71f953-8c9b-4d18-94f7-8b6ddb32289c', '4e7d281d-7c38-4b62-9832-b407cdd9a71f', '691cf937-20dd-4401-b159-9ba353beed23');
INSERT INTO library_book_publication(id, create_ts, created_by, version, update_ts, updated_by, delete_ts, deleted_by, year_, book_id, publisher_id, town_id) VALUES ('fd6d773d-f9d4-44e6-9ee5-1f96773d2dc5', '2013-08-27 15:42:00.92', 'admin', 1, '2013-08-27 15:42:00.92', null, null, null, 1989, 'ff3b0136-768c-4db8-8368-aaa85ff65da7', '4c592e2e-59bf-4a87-b705-fe5b9ed323ce', '4e266148-63c9-469d-b23a-bcc62a3fe9de');
INSERT INTO library_book_publication(id, create_ts, created_by, version, update_ts, updated_by, delete_ts, deleted_by, year_, book_id, publisher_id, town_id) VALUES ('c6ca84f9-74ba-42c7-86c1-65a1f9f1e7ec', '2013-08-27 15:42:00.93', 'admin', 1, '2013-08-27 15:42:00.93', null, null, null, 1969, 'c2d7a99b-c698-4f17-adc8-1514c6e724e6', 'b36a7fa6-4edd-4bab-a34e-9879521af327', '4e266148-63c9-469d-b23a-bcc62a3fe9de');
INSERT INTO library_book_publication(id, create_ts, created_by, version, update_ts, updated_by, delete_ts, deleted_by, year_, book_id, publisher_id, town_id) VALUES ('0d689fd3-b34f-4ee4-ad06-a1b5a4c4cc3a', '2013-08-27 15:42:00.87', 'admin', 3, '2013-09-25 18:30:35.72', 'admin', null, null, 1993, '1904bc24-b554-4b2f-bdd4-eb130057e624', '9840490c-caf9-4945-be42-8414070911b0', '3ddcdf4f-a387-4b3a-bf2a-9fc91bdb954f');

------------------------------------------------------------------------------------------------------------

INSERT INTO library_book_instance(id, create_ts, created_by, version, update_ts, updated_by, delete_ts, deleted_by, is_reference, inventory_number, book_publication_id, library_department_id) VALUES ('f8b3b6ac-9de3-40f0-9111-5f6a410c7a00', '2013-10-09 17:43:23.33', 'admin', 1, '2013-10-09 17:43:23.33', null, null, null, true, 66, '7d8a23ad-85ee-4987-b771-8d4d14e3ad35', '2f68f16a-d24b-4649-a8d9-bdf196cb2f26');
INSERT INTO library_book_instance(id, create_ts, created_by, version, update_ts, updated_by, delete_ts, deleted_by, is_reference, inventory_number, book_publication_id, library_department_id) VALUES ('b3deec29-92aa-440e-8029-d54f59f76430', '2013-10-09 17:43:23.33', 'admin', 1, '2013-10-09 17:43:23.33', null, null, null, false, 67, '7d8a23ad-85ee-4987-b771-8d4d14e3ad35', '2f68f16a-d24b-4649-a8d9-bdf196cb2f26');
INSERT INTO library_book_instance(id, create_ts, created_by, version, update_ts, updated_by, delete_ts, deleted_by, is_reference, inventory_number, book_publication_id, library_department_id) VALUES ('77bf4d77-0d63-44e6-a52b-3d0c1a1e3d22', '2013-10-09 17:43:23.34', 'admin', 1, '2013-10-09 17:43:23.34', null, null, null, false, 68, '7d8a23ad-85ee-4987-b771-8d4d14e3ad35', '2f68f16a-d24b-4649-a8d9-bdf196cb2f26');
INSERT INTO library_book_instance(id, create_ts, created_by, version, update_ts, updated_by, delete_ts, deleted_by, is_reference, inventory_number, book_publication_id, library_department_id) VALUES ('90475c03-30a2-462b-ae2d-27e91dd66a7a', '2013-10-09 17:43:23.39', 'admin', 1, '2013-10-09 17:43:23.39', null, null, null, true, 69, '78419d89-9e4b-49a3-94aa-48fe585fb406', '2f68f16a-d24b-4649-a8d9-bdf196cb2f26');
INSERT INTO library_book_instance(id, create_ts, created_by, version, update_ts, updated_by, delete_ts, deleted_by, is_reference, inventory_number, book_publication_id, library_department_id) VALUES ('9f750108-7c16-4d83-bce9-b982f83409b5', '2013-10-09 17:43:23.39', 'admin', 1, '2013-10-09 17:43:23.39', null, null, null, false, 70, '78419d89-9e4b-49a3-94aa-48fe585fb406', '2f68f16a-d24b-4649-a8d9-bdf196cb2f26');
INSERT INTO library_book_instance(id, create_ts, created_by, version, update_ts, updated_by, delete_ts, deleted_by, is_reference, inventory_number, book_publication_id, library_department_id) VALUES ('f39b6412-4ecd-45cc-8a6b-d9ea3b5e3d8e', '2013-10-09 17:43:23.42', 'admin', 1, '2013-10-09 17:43:23.42', null, null, null, true, 71, '0dd24375-7be4-4021-bc78-575194712dd8', 'd3d79593-a2da-4bb9-b642-2388b171a903');
INSERT INTO library_book_instance(id, create_ts, created_by, version, update_ts, updated_by, delete_ts, deleted_by, is_reference, inventory_number, book_publication_id, library_department_id) VALUES ('72d6fe38-d04f-45f5-ae25-20c7735b649a', '2013-10-09 17:43:23.42', 'admin', 1, '2013-10-09 17:43:23.42', null, null, null, false, 72, '0dd24375-7be4-4021-bc78-575194712dd8', 'd3d79593-a2da-4bb9-b642-2388b171a903');
INSERT INTO library_book_instance(id, create_ts, created_by, version, update_ts, updated_by, delete_ts, deleted_by, is_reference, inventory_number, book_publication_id, library_department_id) VALUES ('194042e4-b9a7-466f-b030-b4d828c70404', '2013-10-09 17:43:23.42', 'admin', 1, '2013-10-09 17:43:23.42', null, null, null, false, 73, '0dd24375-7be4-4021-bc78-575194712dd8', 'd3d79593-a2da-4bb9-b642-2388b171a903');
INSERT INTO library_book_instance(id, create_ts, created_by, version, update_ts, updated_by, delete_ts, deleted_by, is_reference, inventory_number, book_publication_id, library_department_id) VALUES ('5f3282e0-2c7d-4cd7-9dde-9c4a449f8e89', '2013-10-09 17:43:23.44', 'admin', 1, '2013-10-09 17:43:23.44', null, null, null, true, 74, '532682f8-dcf1-4f3a-88dc-743edfbe86f4', '2f68f16a-d24b-4649-a8d9-bdf196cb2f26');
INSERT INTO library_book_instance(id, create_ts, created_by, version, update_ts, updated_by, delete_ts, deleted_by, is_reference, inventory_number, book_publication_id, library_department_id) VALUES ('2c3a4b42-c14f-4913-89ef-a69355091d05', '2013-10-09 17:43:23.45', 'admin', 1, '2013-10-09 17:43:23.45', null, null, null, false, 75, '532682f8-dcf1-4f3a-88dc-743edfbe86f4', '2f68f16a-d24b-4649-a8d9-bdf196cb2f26');
INSERT INTO library_book_instance(id, create_ts, created_by, version, update_ts, updated_by, delete_ts, deleted_by, is_reference, inventory_number, book_publication_id, library_department_id) VALUES ('d8f3380f-e59a-4f52-b1f4-672fb4bfe9fb', '2013-10-09 17:43:23.45', 'admin', 1, '2013-10-09 17:43:23.45', null, null, null, false, 76, '532682f8-dcf1-4f3a-88dc-743edfbe86f4', '2f68f16a-d24b-4649-a8d9-bdf196cb2f26');
INSERT INTO library_book_instance(id, create_ts, created_by, version, update_ts, updated_by, delete_ts, deleted_by, is_reference, inventory_number, book_publication_id, library_department_id) VALUES ('7df0dd60-4902-4e55-8f4b-990050235fd1', '2013-10-09 17:43:23.45', 'admin', 1, '2013-10-09 17:43:23.45', null, null, null, false, 77, '532682f8-dcf1-4f3a-88dc-743edfbe86f4', '2f68f16a-d24b-4649-a8d9-bdf196cb2f26');
INSERT INTO library_book_instance(id, create_ts, created_by, version, update_ts, updated_by, delete_ts, deleted_by, is_reference, inventory_number, book_publication_id, library_department_id) VALUES ('a71ee63d-18fd-4ca0-99fd-922af831ab82', '2013-10-09 17:43:23.48', 'admin', 1, '2013-10-09 17:43:23.48', null, null, null, true, 78, 'a1843bd5-91a3-4be6-9abc-0c2880d8b6c0', '2f68f16a-d24b-4649-a8d9-bdf196cb2f26');
INSERT INTO library_book_instance(id, create_ts, created_by, version, update_ts, updated_by, delete_ts, deleted_by, is_reference, inventory_number, book_publication_id, library_department_id) VALUES ('66b9b8aa-9241-4f34-87b2-1d98b6421a98', '2013-10-09 17:43:23.48', 'admin', 1, '2013-10-09 17:43:23.48', null, null, null, false, 79, 'a1843bd5-91a3-4be6-9abc-0c2880d8b6c0', '2f68f16a-d24b-4649-a8d9-bdf196cb2f26');
INSERT INTO library_book_instance(id, create_ts, created_by, version, update_ts, updated_by, delete_ts, deleted_by, is_reference, inventory_number, book_publication_id, library_department_id) VALUES ('b40b74c3-6b59-4909-b329-b8d51940e6d9', '2013-10-09 17:43:23.49', 'admin', 1, '2013-10-09 17:43:23.49', null, null, null, false, 80, 'a1843bd5-91a3-4be6-9abc-0c2880d8b6c0', '2f68f16a-d24b-4649-a8d9-bdf196cb2f26');
INSERT INTO library_book_instance(id, create_ts, created_by, version, update_ts, updated_by, delete_ts, deleted_by, is_reference, inventory_number, book_publication_id, library_department_id) VALUES ('49ac40e7-5c13-4264-9d61-96e1e4790867', '2013-10-09 17:43:23.49', 'admin', 1, '2013-10-09 17:43:23.49', null, null, null, false, 81, 'a1843bd5-91a3-4be6-9abc-0c2880d8b6c0', '2f68f16a-d24b-4649-a8d9-bdf196cb2f26');
INSERT INTO library_book_instance(id, create_ts, created_by, version, update_ts, updated_by, delete_ts, deleted_by, is_reference, inventory_number, book_publication_id, library_department_id) VALUES ('906bb9c7-a087-41f7-a17b-fefbcb332a5a', '2013-10-09 17:43:23.52', 'admin', 1, '2013-10-09 17:43:23.52', null, null, null, true, 82, '4f88c506-48a2-4066-ba3f-5949c3d0f305', '3a86cbc2-9cad-43b1-8493-10f4def86746');
INSERT INTO library_book_instance(id, create_ts, created_by, version, update_ts, updated_by, delete_ts, deleted_by, is_reference, inventory_number, book_publication_id, library_department_id) VALUES ('0b49ea8c-7b48-4ae0-804a-313ce454a12a', '2013-10-09 17:43:23.52', 'admin', 1, '2013-10-09 17:43:23.52', null, null, null, false, 83, '4f88c506-48a2-4066-ba3f-5949c3d0f305', '3a86cbc2-9cad-43b1-8493-10f4def86746');
INSERT INTO library_book_instance(id, create_ts, created_by, version, update_ts, updated_by, delete_ts, deleted_by, is_reference, inventory_number, book_publication_id, library_department_id) VALUES ('01fcb913-5c6b-4893-978b-483203708ba2', '2013-10-09 17:43:23.52', 'admin', 1, '2013-10-09 17:43:23.52', null, null, null, false, 84, '4f88c506-48a2-4066-ba3f-5949c3d0f305', '3a86cbc2-9cad-43b1-8493-10f4def86746');
INSERT INTO library_book_instance(id, create_ts, created_by, version, update_ts, updated_by, delete_ts, deleted_by, is_reference, inventory_number, book_publication_id, library_department_id) VALUES ('1a8b552f-d2a3-485a-85da-ef9364648e8f', '2013-10-09 17:43:23.55', 'admin', 1, '2013-10-09 17:43:23.55', null, null, null, true, 85, '74eb27b0-8923-4ff3-bf9f-8a0d5544814d', 'd3d79593-a2da-4bb9-b642-2388b171a903');
INSERT INTO library_book_instance(id, create_ts, created_by, version, update_ts, updated_by, delete_ts, deleted_by, is_reference, inventory_number, book_publication_id, library_department_id) VALUES ('e1babe71-d5c1-4ba8-905c-5a24ae1150ea', '2013-10-09 17:43:23.57', 'admin', 1, '2013-10-09 17:43:23.57', null, null, null, true, 86, 'fd6d773d-f9d4-44e6-9ee5-1f96773d2dc5', '2f68f16a-d24b-4649-a8d9-bdf196cb2f26');
INSERT INTO library_book_instance(id, create_ts, created_by, version, update_ts, updated_by, delete_ts, deleted_by, is_reference, inventory_number, book_publication_id, library_department_id) VALUES ('cf4198e4-7747-4b70-ab97-cf40d1802845', '2013-10-09 17:43:23.57', 'admin', 1, '2013-10-09 17:43:23.57', null, null, null, false, 87, 'fd6d773d-f9d4-44e6-9ee5-1f96773d2dc5', '2f68f16a-d24b-4649-a8d9-bdf196cb2f26');
INSERT INTO library_book_instance(id, create_ts, created_by, version, update_ts, updated_by, delete_ts, deleted_by, is_reference, inventory_number, book_publication_id, library_department_id) VALUES ('6fa3180f-2368-4278-ad05-4177288362c2', '2013-10-09 17:43:23.58', 'admin', 1, '2013-10-09 17:43:23.58', null, null, null, false, 88, 'fd6d773d-f9d4-44e6-9ee5-1f96773d2dc5', '2f68f16a-d24b-4649-a8d9-bdf196cb2f26');
INSERT INTO library_book_instance(id, create_ts, created_by, version, update_ts, updated_by, delete_ts, deleted_by, is_reference, inventory_number, book_publication_id, library_department_id) VALUES ('2192aeca-b19e-4089-afe6-e57fce031d77', '2013-10-09 17:43:23.58', 'admin', 1, '2013-10-09 17:43:23.58', null, null, null, false, 89, 'fd6d773d-f9d4-44e6-9ee5-1f96773d2dc5', '2f68f16a-d24b-4649-a8d9-bdf196cb2f26');
INSERT INTO library_book_instance(id, create_ts, created_by, version, update_ts, updated_by, delete_ts, deleted_by, is_reference, inventory_number, book_publication_id, library_department_id) VALUES ('9b368be2-6e7b-4021-b51d-845125bec29e', '2013-10-09 17:43:23.61', 'admin', 1, '2013-10-09 17:43:23.61', null, null, null, true, 90, 'c6ca84f9-74ba-42c7-86c1-65a1f9f1e7ec', '2f68f16a-d24b-4649-a8d9-bdf196cb2f26');
INSERT INTO library_book_instance(id, create_ts, created_by, version, update_ts, updated_by, delete_ts, deleted_by, is_reference, inventory_number, book_publication_id, library_department_id) VALUES ('2fd07601-5704-4356-84a1-0325c054387e', '2013-10-09 17:43:23.61', 'admin', 1, '2013-10-09 17:43:23.61', null, null, null, false, 91, 'c6ca84f9-74ba-42c7-86c1-65a1f9f1e7ec', '2f68f16a-d24b-4649-a8d9-bdf196cb2f26');
INSERT INTO library_book_instance(id, create_ts, created_by, version, update_ts, updated_by, delete_ts, deleted_by, is_reference, inventory_number, book_publication_id, library_department_id) VALUES ('6c7746e1-2fec-482a-814a-31e6b95cfb85', '2013-10-09 17:43:23.61', 'admin', 1, '2013-10-09 17:43:23.61', null, null, null, false, 92, 'c6ca84f9-74ba-42c7-86c1-65a1f9f1e7ec', '2f68f16a-d24b-4649-a8d9-bdf196cb2f26');
INSERT INTO library_book_instance(id, create_ts, created_by, version, update_ts, updated_by, delete_ts, deleted_by, is_reference, inventory_number, book_publication_id, library_department_id) VALUES ('b0d6ce17-6d7f-40e8-b51d-0ddf89b443f4', '2013-10-09 17:43:28.85', 'admin', 1, '2013-10-09 17:43:28.85', null, null, null, true, 553, '0d689fd3-b34f-4ee4-ad06-a1b5a4c4cc3a', 'd5c15cc0-c42b-4954-8071-1f754b77fd70');

------------------------------------------------------------------------------------------------------------

INSERT INTO REPORT_REPORT(ID, CREATE_TS, CREATED_BY, VERSION, UPDATE_TS, UPDATED_BY, NAME, CODE, LOCALE_NAMES, GROUP_ID, REPORT_TYPE, DEFAULT_TEMPLATE_ID, XML) VALUES ('d49cb2e4-6093-04ad-5179-0a4de6c30b41', '2015-04-17 04:11:53.148000', 'admin', 3, '2015-04-17 04:14:03.327000', 'admin', 'Book availability in department', null, 'ru=Наличие экземпляров книг в отделе', '4e083530-0b9c-11e1-9b41-6bdaa41bff94', 10, null, '<report>
  <detached>true</detached>
  <createTs>2015-04-17 07:11:53.148 UTC</createTs>
  <createdBy>admin</createdBy>
  <id>d49cb2e4-6093-04ad-5179-0a4de6c30b41</id>
  <version>2</version>
  <updateTs>2015-04-17 07:13:46.819 UTC</updateTs>
  <updatedBy>admin</updatedBy>
  <name>Book availability in department</name>
  <localeNames>ru=Наличие экземпляров книг в отделе</localeNames>
  <group>
    <detached>true</detached>
    <createTs>2015-04-17 06:57:43.948 UTC</createTs>
    <createdBy>admin</createdBy>
    <id>4e083530-0b9c-11e1-9b41-6bdaa41bff94</id>
    <version>0</version>
    <title>General</title>
    <code>ReportGroup.default</code>
    <localeNames>en=General&#xd;
ru=Общие</localeNames>
    <localeName>Общие</localeName>
  </group>
  <defaultTemplate>
    <detached>true</detached>
    <createTs>2015-04-17 07:11:53.148 UTC</createTs>
    <createdBy>admin</createdBy>
    <id>d04eb991-7de2-69c9-0434-2d78febb64a5</id>
    <version>1</version>
    <updateTs>2015-04-17 07:11:53.148 UTC</updateTs>
    <report reference="../.."/>
    <reportOutputType>0</reportOutputType>
    <code>DEFAULT</code>
    <customFlag>false</customFlag>
    <customClass></customClass>
    <definedBy>100</definedBy>
    <outputNamePattern>BookAvailability.xls</outputNamePattern>
    <name>BookAvailability.xls</name>
  </defaultTemplate>
  <reportType>10</reportType>
  <templates>
    <template reference="../../defaultTemplate"/>
  </templates>
  <rootBandDefinition>
    <uuid>2734aa42-977c-d52b-52ad-8c86986521eb</uuid>
    <name>Root</name>
    <report reference="../.."/>
    <childrenBandDefinitions>
      <band>
        <uuid>3559a78b-500f-1ded-25e6-92ca73aa0ba9</uuid>
        <name>Header</name>
        <parentBandDefinition reference="../../.."/>
        <report reference="../../../.."/>
        <childrenBandDefinitions/>
        <dataSets>
          <dataSet>
            <uuid>29d38b41-14d1-a87e-54b7-924406fdccee</uuid>
            <name>Header</name>
            <useExistingView>false</useExistingView>
            <text>[[&apos;library_department_name&apos; : params[&apos;library_department&apos;].name]]</text>
            <type>30</type>
            <entityParamName>entity</entityParamName>
            <listEntitiesParamName>entities</listEntitiesParamName>
            <bandDefinition reference="../../.."/>
          </dataSet>
        </dataSets>
        <orientation>0</orientation>
        <position>0</position>
      </band>
      <band>
        <uuid>190299b3-3fc6-21c6-d252-74f2f886431e</uuid>
        <name>Data</name>
        <parentBandDefinition reference="../../.."/>
        <report reference="../../../.."/>
        <childrenBandDefinitions/>
        <dataSets>
          <dataSet>
            <uuid>89ca41a5-33fe-eb4a-aadd-9734b2e6c78c</uuid>
            <name>Data</name>
            <useExistingView>false</useExistingView>
            <text>import com.haulmont.cuba.core.global.AppBeans&#xd;
&#xd;
def persistence = AppBeans.get(&apos;cuba_Persistence&apos;)&#xd;
def tx = persistence.createTransaction()&#xd;
try {&#xd;
    def result = []&#xd;
&#xd;
    def em = persistence.getEntityManager()&#xd;
    def ltList = em.createQuery(&apos;select lt from library$LiteratureType lt&apos;).getResultList()&#xd;
    ltList.each { lt -&gt;&#xd;
        def count = em.createQuery(&apos;&apos;&apos;&#xd;
                select count(bi) from library$BookInstance bi &#xd;
                where bi.libraryDepartment.id = ?1&#xd;
                    and bi.bookPublication.book.literatureType.id = ?2&#xd;
                                    &apos;&apos;&apos;)&#xd;
            .setParameter(1, params[&apos;library_department&apos;])&#xd;
            .setParameter(2, lt)&#xd;
            .getSingleResult()&#xd;
        def refCount = em.createQuery(&apos;&apos;&apos;&#xd;
                select count(bi) from library$BookInstance bi &#xd;
                where bi.libraryDepartment.id = ?1&#xd;
                    and bi.bookPublication.book.literatureType.id = ?2 and bi.isReference = true&apos;&apos;&apos;)&#xd;
            .setParameter(1, params[&apos;library_department&apos;])&#xd;
            .setParameter(2, lt)&#xd;
            .getSingleResult()&#xd;
&#xd;
        result.add([&apos;literature_type_name&apos;: lt.name, &#xd;
            &apos;books_instances_amount&apos;: count, &#xd;
            &apos;reference_books_instances_amount&apos;: refCount])&#xd;
    }&#xd;
    return result&#xd;
} finally {&#xd;
    tx.end()&#xd;
}</text>
            <type>30</type>
            <entityParamName>entity</entityParamName>
            <listEntitiesParamName>entities</listEntitiesParamName>
            <bandDefinition reference="../../.."/>
          </dataSet>
        </dataSets>
        <orientation>0</orientation>
        <position>1</position>
      </band>
    </childrenBandDefinitions>
    <dataSets/>
    <position>0</position>
  </rootBandDefinition>
  <bands>
    <band reference="../../rootBandDefinition"/>
    <band reference="../../rootBandDefinition/childrenBandDefinitions/band[2]"/>
    <band reference="../../rootBandDefinition/childrenBandDefinitions/band"/>
  </bands>
  <inputParameters>
    <parameter>
      <uuid>2ba34eb9-4ad9-2988-604d-8b8ed4e2a33d</uuid>
      <report reference="../../.."/>
      <type>30</type>
      <name>Department</name>
      <localeNames>ru=Отдел библиотеки</localeNames>
      <alias>library_department</alias>
      <position>0</position>
      <entityMetaClass>library$LibraryDepartment</entityMetaClass>
      <screen>library$LibraryDepartment.lookup</screen>
      <required>true</required>
      <parameterClassName>com.sample.library.entity.LibraryDepartment</parameterClassName>
    </parameter>
  </inputParameters>
  <valuesFormats/>
  <reportScreens>
    <screen>
      <uuid>9f8840d0-a4eb-9561-9472-ac0408e1ebaa</uuid>
      <report reference="../../.."/>
      <screenId>report$Report.run</screenId>
    </screen>
    <screen>
      <uuid>9b1136b3-de9a-e7aa-bc1a-ddabc19b262e</uuid>
      <report reference="../../.."/>
      <screenId>report$commonLookup</screenId>
    </screen>
  </reportScreens>
  <roles/>
  <localeName>Наличие экземпляров книг в отделе</localeName>
  <isTmp>true</isTmp>
</report>');
INSERT INTO REPORT_REPORT(ID, CREATE_TS, CREATED_BY, VERSION, UPDATE_TS, UPDATED_BY, NAME, CODE, LOCALE_NAMES, GROUP_ID, REPORT_TYPE, DEFAULT_TEMPLATE_ID, XML) VALUES ('2dd27fbf-8830-416a-899f-339543f8f27a', '2013-09-24 18:39:01.77', 'admin', 24, '2013-09-25 11:30:22.89', 'admin', 'Books by author', null, 'ru=Книги по автору', '4e083530-0b9c-11e1-9b41-6bdaa41bff94', 10, null, '<report>
  <id>2dd27fbf-8830-416a-899f-339543f8f27a</id>
  <version>23</version>
  <name>Books by author</name>
  <localeNames>ru=Книги по автору</localeNames>
  <group>
    <id>4e083530-0b9c-11e1-9b41-6bdaa41bff94</id>
    <createTs>2013-08-22 11:39:11.951 UTC</createTs>
    <createdBy>admin</createdBy>
    <version>0</version>
    <title>General</title>
    <code>ReportGroup.default</code>
    <localeNames>en=General
ru=Общие</localeNames>
    <localeName>Общие</localeName>
  </group>
  <defaultTemplate>
    <id>0e309589-b6d4-43f0-928d-f15ca0503ed1</id>
    <version>3</version>
    <report reference="../.."/>
    <reportOutputType>0</reportOutputType>
    <code>DEFAULT</code>
    <customFlag>false</customFlag>
    <customClass></customClass>
    <name>BooksByAuthor.xls</name>
  </defaultTemplate>
  <reportType>10</reportType>
  <templates>
    <template reference="../../defaultTemplate"/>
  </templates>
  <localeName>Книги по автору</localeName>
  <rootBandDefinition>
    <uuid>a2621aa9-aefa-48fe-b4d8-2652ae3cb019</uuid>
    <name>Root</name>
    <report>
      <id>2dd27fbf-8830-416a-899f-339543f8f27a</id>
      <name>Books by author</name>
      <group>
        <id>4e083530-0b9c-11e1-9b41-6bdaa41bff94</id>
        <createTs>2013-08-22 11:39:11.951 UTC</createTs>
        <version>0</version>
        <title>General</title>
        <code>ReportGroup.default</code>
        <localeNames>en=General
ru=Общие</localeNames>
        <localeName>Общие</localeName>
      </group>
      <defaultTemplate>
        <id>0e309589-b6d4-43f0-928d-f15ca0503ed1</id>
        <report reference="../.."/>
        <reportOutputType>0</reportOutputType>
        <code>DEFAULT</code>
        <customFlag>false</customFlag>
        <customClass></customClass>
        <name>BooksByAuthor.xls</name>
      </defaultTemplate>
      <reportType>10</reportType>
      <templates>
        <template reference="../../defaultTemplate"/>
      </templates>
      <rootBandDefinition reference="../.."/>
      <bands>
        <band>
          <uuid>579c987b-86e1-4b0f-800e-2003f687ed1a</uuid>
          <name>header</name>
          <parentBandDefinition reference="../../../.."/>
          <report reference="../../.."/>
          <childrenBandDefinitions/>
          <dataSets>
            <dataSet>
              <uuid>4b9a9a85-6d10-48c6-97ec-6c5c0668474d</uuid>
              <name>header</name>
              <text>[[&apos;authorName&apos; : (params[&apos;author&apos;].firstName + &apos; &apos; + params[&apos;author&apos;].lastName)]]</text>
              <type>30</type>
              <entityParamName>entity</entityParamName>
              <listEntitiesParamName>entities</listEntitiesParamName>
              <bandDefinition reference="../../.."/>
            </dataSet>
          </dataSets>
          <orientation>0</orientation>
          <position>0</position>
        </band>
        <band reference="../../.."/>
        <band>
          <uuid>e4a231b1-14bd-4332-9211-271fa636f8c5</uuid>
          <name>book</name>
          <parentBandDefinition reference="../../../.."/>
          <report reference="../../.."/>
          <childrenBandDefinitions>
            <band>
              <uuid>e48c9c36-8b41-4403-b82e-c552b8e77209</uuid>
              <name>publisher</name>
              <parentBandDefinition reference="../../.."/>
              <report reference="../../../../.."/>
              <childrenBandDefinitions>
                <band>
                  <uuid>039ae4e0-e765-4cfb-8972-bd979878d467</uuid>
                  <name>publication</name>
                  <parentBandDefinition reference="../../.."/>
                  <report reference="../../../../../../.."/>
                  <childrenBandDefinitions/>
                  <dataSets>
                    <dataSet>
                      <uuid>4af21982-6a55-4da3-94ed-40a82e5c0f55</uuid>
                      <name>publication</name>
                      <text>select ld.name as department, count(bi.id) as amount
from library_book_instance bi
	join library_book_publication bp on bp.id = bi.book_publication_id
	join library_library_department ld on ld.id = bi.library_department_id
where bp.publisher_id = ${publisher.publisher_id} and bp.book_id = ${book.book_id}
group by ld.name</text>
                      <type>10</type>
                      <entityParamName>entity</entityParamName>
                      <listEntitiesParamName>entities</listEntitiesParamName>
                      <bandDefinition reference="../../.."/>
                    </dataSet>
                  </dataSets>
                  <orientation>0</orientation>
                  <position>0</position>
                </band>
              </childrenBandDefinitions>
              <dataSets>
                <dataSet>
                  <uuid>d207309e-7bbd-4b19-935b-0dd215146ecd</uuid>
                  <name>publisher</name>
                  <text>select p.name as publisher, bp.year_, p.id as publisher_id
from library_book_publication bp
	join library_publisher p on p.id = bp.publisher_id
where bp.book_id = ${book.book_id}</text>
                  <type>10</type>
                  <entityParamName>entity</entityParamName>
                  <listEntitiesParamName>entities</listEntitiesParamName>
                  <bandDefinition reference="../../.."/>
                </dataSet>
              </dataSets>
              <orientation>0</orientation>
              <position>0</position>
            </band>
          </childrenBandDefinitions>
          <dataSets>
            <dataSet>
              <uuid>98dc90a0-11c9-421d-8398-bc2d17aeaf33</uuid>
              <name>book</name>
              <text>select b.name as book_name, b.id as book_id
from library_book b
    join library_book_author_link ba on ba.book_id = b.id
    join library_author a on a.id = ba.author_id
where a.id = ${author}</text>
              <type>10</type>
              <entityParamName>entity</entityParamName>
              <listEntitiesParamName>entities</listEntitiesParamName>
              <bandDefinition reference="../../.."/>
            </dataSet>
          </dataSets>
          <orientation>0</orientation>
          <position>1</position>
        </band>
        <band reference="../band[3]/childrenBandDefinitions/band/childrenBandDefinitions/band"/>
        <band reference="../band[3]/childrenBandDefinitions/band"/>
      </bands>
      <inputParameters>
        <parameter>
          <uuid>6df2eb49-cca7-4692-977e-f5093036b19f</uuid>
          <report reference="../../.."/>
          <type>30</type>
          <name>Author</name>
          <localeNames>ru=Автор</localeNames>
          <alias>author</alias>
          <position>0</position>
          <entityMetaClass>library$Author</entityMetaClass>
          <screen>library$Author.lookup</screen>
          <required>true</required>
        </parameter>
      </inputParameters>
      <valuesFormats/>
      <reportScreens/>
      <roles/>
    </report>
    <childrenBandDefinitions>
      <band reference="../../report/bands/band"/>
      <band reference="../../report/bands/band[3]"/>
    </childrenBandDefinitions>
    <dataSets/>
    <position>0</position>
  </rootBandDefinition>
  <bands reference="../rootBandDefinition/report/bands"/>
  <inputParameters reference="../rootBandDefinition/report/inputParameters"/>
  <valuesFormats reference="../rootBandDefinition/report/valuesFormats"/>
  <reportScreens reference="../rootBandDefinition/report/reportScreens"/>
  <roles reference="../rootBandDefinition/report/roles"/>
</report>');

------------------------------------------------------------------------------------------------------------

INSERT INTO report_template(id, create_ts, created_by, version, update_ts, updated_by, report_id, code, output_type, is_default, is_custom, custom_class, output_name_pattern, content, name, custom_defined_by) VALUES ('0e309589-b6d4-43f0-928d-f15ca0503ed1', '2013-09-24 18:39:01.77', 'admin', 3, '2013-09-25 11:24:44.66', 'admin', '2dd27fbf-8830-416a-899f-339543f8f27a', 'DEFAULT', 0, false, false, '', null, 'd0cf11e0a1b11ae1000000000000000000000000000000003b000300feff0900060000000000000000000000010000000900000000000000001000000200000001000000feffffff0000000000000000fffffffffffffffffffffffffffffffffffffffffffffffffffffffffffffffffffffffffffffffffffffffffffffffffffffffffffffffffffffffffffffffffffffffffffffffffffffffffffffffffffffffffffffffffffffffffffffffffffffffffffffffffffffffffffffffffffffffffffffffffffffffffffffffffffffffffffffffffffffffffffffffffffffffffffffffffffffffffffffffffffffffffffffffffffffffffffffffffffffffffffffffffffffffffffffffffffffffffffffffffffffffffffffffffffffffffffffffffffffffffffffffffffffffffffffffffffffffffffffffffffffffffffffffffffffffffffffffffffffffffffffffffffffffffffffffffffffffffffffffffffffffffffffffffffffffffffffffffffffffffffffffffffffffffffffffffffffffffffffffffffffffffffffffffffffffffffffffffffffffffffffffffffffffffffffffffffffffffffffffffffffffffffffffffffffffffffffffffffffffffffffffffffffffffffffffffffffffffffffffffffffffffffffffffffffffffffffffffffffffffffffffffffffffffffffffffdfffffffffffffffeffffff0400000005000000060000000700000008000000feffffff0a000000feffffffffffffffffffffffffffffffffffffffffffffffffffffffffffffffffffffffffffffffffffffffffffffffffffffffffffffffffffffffffffffffffffffffffffffffffffffffffffffffffffffffffffffffffffffffffffffffffffffffffffffffffffffffffffffffffffffffffffffffffffffffffffffffffffffffffffffffffffffffffffffffffffffffffffffffffffffffffffffffffffffffffffffffffffffffffffffffffffffffffffffffffffffffffffffffffffffffffffffffffffffffffffffffffffffffffffffffffffffffffffffffffffffffffffffffffffffffffffffffffffffffffffffffffffffffffffffffffffffffffffffffffffffffffffffffffffffffffffffffffffffffffffffffffffffffffffffffffffffffffffffffffffffffffffffffffffffffffffffffffffffffffffffffffffffffffffffffffffffffffffffffffffffffffffffffffffffffffffffffffffffffffffffffffffffffffffffffffffffffffffffffffffffffffffffffffffffffffffffffffffffffffffffffffffffffffffffffffffffffffffffffffffffffffffffffffffffffffffffffffffffffffffffffffffffffffffffffffffffffffffffffffffffffffffffff52006f006f007400200045006e00740072007900000000000000000000000000000000000000000000000000000000000000000000000000000000000000000016000500ffffffffffffffffffffffff000000000000000000000000000000000000000000000000000000000000000000000000feffffff00000000000000000000000000000000000000000000000000000000000000000000000000000000000000000000000000000000000000000000000000000000000000000000000000000000ffffffffffffffffffffffff000000000000000000000000000000000000000000000000000000000000000000000000feffffff00000000000000000000000000000000000000000000000000000000000000000000000000000000000000000000000000000000000000000000000000000000000000000000000000000000ffffffffffffffffffffffff000000000000000000000000000000000000000000000000000000000000000000000000feffffff00000000000000000000000000000000000000000000000000000000000000000000000000000000000000000000000000000000000000000000000000000000000000000000000000000000ffffffffffffffffffffffff000000000000000000000000000000000000000000000000000000000000000000000000feffffff00000000000000000100000002000000030000000400000005000000060000000700000008000000090000000a0000000b0000000c0000000d0000000e0000000f000000100000001100000012000000130000001400000015000000160000001700000018000000190000001a0000001b0000001c0000001d0000001e0000001f0000002000000021000000220000002300000024000000feffffff26000000fefffffffeffffff290000002a0000002b000000feffffff2d000000feffffffffffffffffffffffffffffffffffffffffffffffffffffffffffffffffffffffffffffffffffffffffffffffffffffffffffffffffffffffffffffffffffffffffffffffffffffffffffffffffffffffffffffffffffffffffffffffffffffffffffffffffffffffffffffffffffffffffffffffffffffffffffffffffffffffffffffffffffffffffffffffffffffffffffffffffffffffffffffffffffffffffffffffffffffffffffffffffffffffffffffffffffffffffffffffffffffffffffffffffffffffffffffffffffffffffffffffffffffffffffffffffffffffffffffffffffffffffffffffffffffffffffffffffffffffffffffffffffffffffffffffffffffffffffffffffffffffffffffffffffffffffffffffffffffffffffffffffffffffffffffffffffffffffffffffffffffffffffffffffffffffffffffffffffffff0908100000060500bb0dcc070000000006000000e1000200b004c10002000000e20000005c00700004000043616c6320202020202020202020202020202020202020202020202020202020202020202020202020202020202020202020202020202020202020202020202020202020202020202020202020202020202020202020202020202020202020202020202020202020202020202042000200b004610102000000c00100003d01020001009c0002000e00af0102000000bc01020000003d00120000000000004000203800000000000100cd004000020000008d00020000002200020000000e0002000100b70102000000da000200000031001a00c8000000ff7f9001000000020000050141007200690061006c0031001a00c8000000ff7f9001000000000000050141007200690061006c0031001a00c8000000ff7f9001000000000000050141007200690061006c0031001a00c8000000ff7f9001000000000000050141007200690061006c0031001a00c8000000ff7fbc02000000020000050141007200690061006c001e040c00a40007000047454e4552414ce00014000000a400f5ff200000000000000000000000c020e000140001000000f5ff200000f40000000000000000c020e000140001000000f5ff200000f40000000000000000c020e000140002000000f5ff200000f40000000000000000c020e000140002000000f5ff200000f40000000000000000c020e000140000000000f5ff200000f40000000000000000c020e000140000000000f5ff200000f40000000000000000c020e000140000000000f5ff200000f40000000000000000c020e000140000000000f5ff200000f40000000000000000c020e000140000000000f5ff200000f40000000000000000c020e000140000000000f5ff200000f40000000000000000c020e000140000000000f5ff200000f40000000000000000c020e000140000000000f5ff200000f40000000000000000c020e000140000000000f5ff200000f40000000000000000c020e000140000000000f5ff200000f40000000000000000c020e00014000000a4000100200000000000000000000000c020e000140001002b00f5ff200000f00000000000000000c020e000140001002900f5ff200000f00000000000000000c020e000140001002c00f5ff200000f00000000000000000c020e000140001002a00f5ff200000f00000000000000000c020e000140001000900f5ff200000f00000000000000000c020e00014000500a4000100200000080000000000000000c02093020400008000ff93020400108003ff93020400118006ff93020400128004ff93020400138007ff93020400148005ff60010200010085000e00de050000000006005368656574318c00040001000100ae0104000100010417000800010000000000000018001e00000000040b00000000000000000000626f6f6b3b0000030003000000040018002000000000060b000000000000000000006865616465723b00000000020000000400180025000000000b0b000000000000000000007075626c69636174696f6e3b0000050005000000040018002300000000090b000000000000000000007075626c69736865723b00000400040000000400c1010800c1010000548d0100eb005a000f0000f052000000000006f01800000000040000020000000100000001000000010000000100000033000bf012000000bf0008000800810109000008c0014000000840001ef1100000000d0000080c00000817000008f7000010fc009b000c0000000c000000070000417574686f723a0d0000247b617574686f724e616d657d090000426f6f6b206e616d650900005075626c6973686572040000596561720a00004465706172746d656e74060000416d6f756e740c0000247b626f6f6b5f6e616d657d0c0000247b7075626c69736865727d070000247b796561727d0d0000247b6465706172746d656e747d090000247b616d6f756e747dff000a000c00200500000c000000630815006308000000000000000000001500000000000000020a0000000908100000061000bb0dcc0700000000060000000c00020064000f000200010011000200000010000800fca9f1d24d62503f5f0002000100800008000000000000000000250204000000000181000200c1042a00020000002b0002000000820002000100140024002100002643262254696d6573204e657720526f6d616e2c526567756c6172222631322641150029002600002643262254696d6573204e657720526f6d616e2c526567756c6172222631325061676520265083000200000084000200000026000800333333333333e93f27000800333333333333e93f28000800832dd8822dd8f03f29000800832dd8822dd8f03fa10022000900640001000100010082002c012c01333333333333e93f333333333333e93f0100550002000a007d000c0000000000e4280f00000000007d000c0001000100a4170f00000000007d000c0002000200880b0f00000000007d000c0003000300e71d0f00000000007d000c0004000001880b0f000000000000020e00000000000600000000000500000008021000000000000200f2000000000000010f00080210000200000005001a010000000000010f000802100003000000010000010000000000010f00080210000400010003001a010000000000010f00080210000500030005001a010000000000010f00fd000a0000000000150000000000fd000a00000001000f0001000000fd000a0002000000150002000000fd000a0002000100150003000000fd000a0002000200150004000000fd000a0002000300150005000000fd000a0002000400150006000000fd000a00030000000f0007000000fd000a00040001000f0008000000fd000a00040002000f0009000000fd000a00050003000f000a000000fd000a00050004000f000b000000ec0050000f0002f048000000100008f00800000001000000000400000f0003f0300000000f0004f028000000010009f0100000000000000000000000000000000000000002000af00800000000040000050000003e021200b606000000004000000000000000000000001d000f0003000000000000010000000000000067081700670800000000000000000000020001ffffffff000000000a000000000000000000000000000000000000000000000000000000000000000000000000000000000000000000000000000000000000000000000100feff030a0000ffffffff1008020000000000c0000000000000461b0000004d6963726f736f667420457863656c2039372d546162656c6c650006000000426966663800000000000000000000000000000000000000000000000000000000000000000000000000000000000000000000000000000000000000000000000001000002000000000000000000000000000000000000000000000000000000000000000000000000000000000000000000000000000000000000000000000000feff0000010002000000000000000000000000000000000001000000e0859ff2f94f6810ab9108002b27b3d930000000ac0000000800000001000000480000000400000050000000080000006000000009000000700000000a0000007c0000000b000000880000000c000000940000000d000000a000000002000000e9fd00001e000000060000006b6e7374200000001e000000060000006b6e7374200000001e00000002000000330000004000000000e689c4cc1200004000000000000000000000004000000000d7474f30b9ce014000000000409b2ac0b9ce01000000000000000000000000000000000000000000000000000000000000000000000000feff000001000200000000000000000000000000000000000200000002d5cdd59c2e1b10939708002b2cf9ae4400000005d5cdd59c2e1b10939708002b2cf9ae5c0000001800000001000000010000001000000002000000e9fd00001800000001000000010000001000000002000000e9fd0000000000000000000000000000000000000000000000000000000000000000000000000000000000000000000000000000000000000000000000000000000000000000000000000000000000000000000000000000000000000000000000000000000000000000000000000000000000000000000000000000000000000000000000000000000000000000000052006f006f007400200045006e00740072007900000000000000000000000000000000000000000000000000000000000000000000000000000000000000000016000500ffffffffffffffff010000001008020000000000c000000000000046000000000000000000000000000000000000000003000000800b00000000000057006f0072006b0062006f006f006b00000000000000000000000000000000000000000000000000000000000000000000000000000000000000000000000000120002000200000004000000ffffffff000000000000000000000000000000000000000000000000000000000000000000000000000000000909000000000000010043006f006d0070004f0062006a000000000000000000000000000000000000000000000000000000000000000000000000000000000000000000000000001200020003000000ffffffffffffffff00000000000000000000000000000000000000000000000000000000000000000000000025000000490000000000000001004f006c00650000000000000000000000000000000000000000000000000000000000000000000000000000000000000000000000000000000000000000000a000200ffffffffffffffffffffffff0000000000000000000000000000000000000000000000000000000000000000000000002700000014000000000000000500530075006d006d0061007200790049006e0066006f0072006d006100740069006f006e00000000000000000000000000000000000000000000000000000028000200ffffffff05000000ffffffff00000000000000000000000000000000000000000000000000000000000000000000000028000000dc00000000000000050044006f00630075006d0065006e007400530075006d006d0061007200790049006e0066006f0072006d006100740069006f006e000000000000000000000038000200ffffffffffffffffffffffff0000000000000000000000000000000000000000000000000000000000000000000000002c00000074000000000000000000000000000000000000000000000000000000000000000000000000000000000000000000000000000000000000000000000000000000000000000000000000000000ffffffffffffffffffffffff000000000000000000000000000000000000000000000000000000000000000000000000feffffff00000000000000000000000000000000000000000000000000000000000000000000000000000000000000000000000000000000000000000000000000000000000000000000000000000000ffffffffffffffffffffffff000000000000000000000000000000000000000000000000000000000000000000000000feffffff0000000000000000', 'BooksByAuthor.xls', 100);
INSERT INTO REPORT_TEMPLATE(ID, CREATE_TS, CREATED_BY, VERSION, UPDATE_TS, UPDATED_BY, REPORT_ID, CODE, OUTPUT_TYPE, IS_DEFAULT, IS_CUSTOM, CUSTOM_DEFINED_BY, CUSTOM_CLASS, OUTPUT_NAME_PATTERN, NAME, CONTENT) VALUES ('d04eb991-7de2-69c9-0434-2d78febb64a5', '2015-04-17 04:11:53.148000', 'admin', 1, '2015-04-17 04:11:53.148000', null, 'd49cb2e4-6093-04ad-5179-0a4de6c30b41', 'DEFAULT', 0, FALSE, FALSE, 100, '', 'BookAvailability.xls', 'BookAvailability.xls', 'd0cf11e0a1b11ae1000000000000000000000000000000003e000300feff0900060000000000000000000000010000000100000000000000001000000200000001000000feffffff0000000000000000fffffffffffffffffffffffffffffffffffffffffffffffffffffffffffffffffffffffffffffffffffffffffffffffffffffffffffffffffffffffffffffffffffffffffffffffffffffffffffffffffffffffffffffffffffffffffffffffffffffffffffffffffffffffffffffffffffffffffffffffffffffffffffffffffffffffffffffffffffffffffffffffffffffffffffffffffffffffffffffffffffffffffffffffffffffffffffffffffffffffffffffffffffffffffffffffffffffffffffffffffffffffffffffffffffffffffffffffffffffffffffffffffffffffffffffffffffffffffffffffffffffffffffffffffffffffffffffffffffffffffffffffffffffffffffffffffffffffffffffffffffffffffffffffffffffffffffffffffffffffffffffffffffffffffffffffffffffffffffffffffffffffffffffffffffffffffffffffffffffffffffffffffffffffffffffffffffffffffffffffffffffffffffffffffffffffffffffffffffffffffffffffffffffffffffffffffffffffffffffffffffffffffffffffffffffffffffffffffffffffffffffffffffffffffffffffffdffffff26000000feffffff2700000005000000060000000700000008000000090000000a0000000b0000000c0000000d0000000e0000000f000000100000001100000012000000130000001400000015000000160000001700000018000000190000001a0000001b0000001c0000001d0000001e0000001f000000200000002100000022000000230000002400000025000000fefffffffefffffffeffffffffffffffffffffffffffffffffffffffffffffffffffffffffffffffffffffffffffffffffffffffffffffffffffffffffffffffffffffffffffffffffffffffffffffffffffffffffffffffffffffffffffffffffffffffffffffffffffffffffffffffffffffffffffffffffffffffffffffffffffffffffffffffffffffffffffffffffffffffffffffffffffffffffffffffffffffffffffffffffffffffffffffffffffffffffffffffffffffffffffffffffffffffffffffffffffffffffffffffffffffffffffffffffffffffffffffffffffffffffffffffffffffffffffffffffffffffffffffffffffffffffffffffffffffffffffffffffffffffffffffffffffffffffffffffffffffffffffffffffffffffffffffffffffffffffffffffffffffffffffffffffffffffffffffffffffffffffffffffffffffffffffffffffffffffffffffffffffffffffffffffffffffffffffffffffffffff52006f006f007400200045006e00740072007900000000000000000000000000000000000000000000000000000000000000000000000000000000000000000016000500ffffffffffffffff010000002008020000000000c0000000000000460000000011de2691737ed001e096b3b1737ed00103000000c00200000000000057006f0072006b0062006f006f006b00000000000000000000000000000000000000000000000000000000000000000000000000000000000000000000000000120002010200000003000000ffffffff00000000000000000000000000000000000000000000000000000000000000000000000004000000074200000000000001004f006c00650000000000000000000000000000000000000000000000000000000000000000000000000000000000000000000000000000000000000000000a000201ffffffff05000000ffffffff0000000000000000000000000000000000000000000000000000000000000000000000000000000014000000000000000500530075006d006d0061007200790049006e0066006f0072006d006100740069006f006e00000000000000000000000000000000000000000000000000000028000201ffffffff04000000ffffffff000000000000000000000000000000000000000000000000000000000000000000000000010000008800000000000000feffffff0200000003000000feffffff05000000060000000700000008000000feffffff0a000000feffffffffffffffffffffffffffffffffffffffffffffffffffffffffffffffffffffffffffffffffffffffffffffffffffffffffffffffffffffffffffffffffffffffffffffffffffffffffffffffffffffffffffffffffffffffffffffffffffffffffffffffffffffffffffffffffffffffffffffffffffffffffffffffffffffffffffffffffffffffffffffffffffffffffffffffffffffffffffffffffffffffffffffffffffffffffffffffffffffffffffffffffffffffffffffffffffffffffffffffffffffffffffffffffffffffffffffffffffffffffffffffffffffffffffffffffffffffffffffffffffffffffffffffffffffffffffffffffffffffffffffffffffffffffffffffffffffffffffffffffffffffffffffffffffffffffffffffffffffffffffffffffffffffffffffffffffffffffffffffffffffffffffffffffffffffffffffffffffffffffffffffffffffffffffffffffffffffffffffffffffffffffffffffffffffffffffffffffffffffffffffffffffffffffffffffffffffffffffffffffffffffffffffffffffffffffffffffffffffffffffffffffffffffffffffffffffffffffffffffffffffffffffffffffffffffffffffffffffffffffffffffffffffffffffffff01000002000000000000000000000000000000000000000000000000000000000000000000000000000000000000000000000000000000000000000000000000feff0000060102000000000000000000000000000000000001000000e0859ff2f94f6810ab9108002b27b3d9300000005800000004000000010000002800000008000000300000000d00000044000000130000005000000002000000e30400001e0000000c0000004b6f6e7374616e74696e00004000000000ec9db1737ed00103000000000000000000000000000000000000000000000000000000000000000000000000000000000000000000000000000000000000000000000000000000feff000006010200000000000000000000000000000000000100000002d5cdd59c2e1b10939708002b2cf9ae30000000f800000008000000010000004800000017000000500000000b000000580000001000000060000000130000006800000016000000700000000d000000780000000c000000b200000002000000e30400000300000000000c000b000000000000000b000000000000000b000000000000000b000000000000001e1000000500000006000000cbe8f1f2310006000000cbe8f1f2320006000000cbe8f1f2330005000000446174610007000000486561646572000c100000040000001e00000006000000cbe8f1f2fb0003000000030000000908100000060500aa1fcd07d100010006040000e1000200b004c10002000000e20000005c0070000a00004b6f6e7374616e74696e20202020202020202020202020202020202020202020202020202020202020202020202020202020202020202020202020202020202020202020202020202020202020202020202020202020202020202020202020202020202020202020202020202042000200b004610102000000c00100003d0106000100020003009c0002001000190002000000120002000000130002000000af0102000000bc01020000003d00120000000000fc3ffe1f380000000000010058024000020000008d00020000002200020000000e0002000100b70102000000da000200000031001e00dc0000000800900100000002cc000701430061006c00690062007200690031001a00c8000000ff7f9001000000000000050141007200690061006c0031001a00c8000000ff7f9001000000000000050141007200690061006c0031001a00c8000000ff7f9001000000000000050141007200690061006c0031001e00dc0001000800bc0200000002cc000701430061006c00690062007200690031001e00680101003800bc0200000002cc120701430061006d00620072006900610031001e002c0101003800bc0200000002cc120701430061006c00690062007200690031001e00040101003800bc0200000002cc120701430061006c00690062007200690031001e00dc0001003800bc0200000002cc120701430061006c00690062007200690031001e00dc0000001100900100000002cc120701430061006c00690062007200690031001e00dc0000001400900100000002cc120701430061006c00690062007200690031001e00dc0000003c00900100000002cc120701430061006c00690062007200690031001e00dc0000003e00900100000002cc120701430061006c00690062007200690031001e00dc0001003f00bc0200000002cc120701430061006c00690062007200690031001e00dc0001003400bc0200000002cc120701430061006c00690062007200690031001e00dc0000003400900100000002cc120701430061006c00690062007200690031001e00dc0001000900bc0200000002cc120701430061006c00690062007200690031001e00dc0000000a00900100000002cc120701430061006c00690062007200690031001e00dc0000000800900100000002cc120701430061006c00690062007200690031001e00dc0002001700900100000002cc120701430061006c00690062007200690031001e00dc0001000800bc0200000002cc120701430061006c00690062007200690031001e00dc0000000900900100000002cc120701430061006c00690062007200690031001e00dc0000000800900100000002cc120701430061006c0069006200720069001e042f00050015000123002c00230023003000220040042e0022003b005c002d0023002c00230023003000220040042e0022001e04390006001a000123002c00230023003000220040042e0022003b005b005200650064005d005c002d0023002c00230023003000220040042e0022001e043b0007001b000123002c002300230030002e0030003000220040042e0022003b005c002d0023002c002300230030002e0030003000220040042e0022001e044500080020000123002c002300230030002e0030003000220040042e0022003b005b005200650064005d005c002d0023002c002300230030002e0030003000220040042e0022001e046b002a003300015f002d002a00200023002c00230023003000220040042e0022005f002d003b005c002d002a00200023002c00230023003000220040042e0022005f002d003b005f002d002a00200022002d002200220040042e0022005f002d003b005f002d0040005f002d001e046b0029003300015f002d002a00200023002c002300230030005f0040045f002e005f002d003b005c002d002a00200023002c002300230030005f0040045f002e005f002d003b005f002d002a00200022002d0022005f0040045f002e005f002d003b005f002d0040005f002d001e047b002c003b00015f002d002a00200023002c002300230030002e0030003000220040042e0022005f002d003b005c002d002a00200023002c002300230030002e0030003000220040042e0022005f002d003b005f002d002a00200022002d0022003f003f00220040042e0022005f002d003b005f002d0040005f002d001e047b002b003b00015f002d002a00200023002c002300230030002e00300030005f0040045f002e005f002d003b005c002d002a00200023002c002300230030002e00300030005f0040045f002e005f002d003b005f002d002a00200022002d0022003f003f005f0040045f002e005f002d003b005f002d0040005f002d00e000140000000000f5ff200000000000000000000000c020e000140001000000f5ff200000f40000000000000000c020e000140001000000f5ff200000f40000000000000000c020e000140002000000f5ff200000f40000000000000000c020e000140002000000f5ff200000f40000000000000000c020e000140000000000f5ff200000f40000000000000000c020e000140000000000f5ff200000f40000000000000000c020e000140000000000f5ff200000f40000000000000000c020e000140000000000f5ff200000f40000000000000000c020e000140000000000f5ff200000f40000000000000000c020e000140000000000f5ff200000f40000000000000000c020e000140000000000f5ff200000f40000000000000000c020e000140000000000f5ff200000f40000000000000000c020e000140000000000f5ff200000f40000000000000000c020e000140000000000f5ff200000f40000000000000000c020e0001400000000000100200000000000000000000000c020e000140017000000f5ff200000b400000000000000049f20e000140017000000f5ff200000b40000000000000004ad20e000140017000000f5ff200000b40000000000000004aa20e000140017000000f5ff200000b40000000000000004ae20e000140017000000f5ff200000b400000000000000049b20e000140017000000f5ff200000b40000000000000004af20e000140017000000f5ff200000b40000000000000004ac20e000140017000000f5ff200000b400000000000000049d20e000140017000000f5ff200000b400000000000000048b20e000140017000000f5ff200000b40000000000000004ae20e000140017000000f5ff200000b40000000000000004ac20e000140017000000f5ff200000b40000000000000004b320e000140016000000f5ff200000b400000000000000049e20e000140016000000f5ff200000b400000000000000049d20e000140016000000f5ff200000b400000000000000048b20e000140016000000f5ff200000b40000000000000004a420e000140016000000f5ff200000b40000000000000004b120e000140016000000f5ff200000b40000000000000004b420e000140016000000f5ff200000b40000000000000004be20e000140016000000f5ff200000b400000000000000048a20e000140016000000f5ff200000b40000000000000004b920e000140016000000f5ff200000b40000000000000004a420e000140016000000f5ff200000b40000000000000004b120e000140016000000f5ff200000b40000000000000004b520e00014000d000000f5ff200000941111970b970b0004af20e00014000e000000f5ff200000941111bf1fbf1f00049620e00014000f000000f5ff200000941111970b970b00049620e000140001002c00f5ff200000f00000000000000000c020e000140001002a00f5ff200000f00000000000000000c020e000140007000000f5ff200000d400500000001f0000c020e000140008000000f5ff200000d400500000000b0000c020e000140009000000f5ff200000d400200000000f0000c020e000140009000000f5ff200000f40000000000000000c020e000140015000000f5ff200000d4006100003e1f0000c020e000140011000000f5ff200000946666bf1fbf1f0004b720e000140006000000f5ff200000f40000000000000000c020e00014000c000000f5ff200000b40000000000000004ab20e00014000b000000f5ff200000b40000000000000004ad20e000140014000000f5ff200000f40000000000000000c020e000140013000000f5ff2000009c1111160b160b00049a20e000140001000900f5ff200000f00000000000000000c020e000140010000000f5ff200000d400600000001a0000c020e000140012000000f5ff200000f40000000000000000c020e000140001002b00f5ff200000f00000000000000000c020e000140001002900f5ff200000f00000000000000000c020e00014000a000000f5ff200000b40000000000000004aa20e0001400050000000100200000080000000000000000c020e0001400000000000100110000380000000000000000c0207c0814007c0800000000000000000000000040005e39cd377d082d007d080000000000000000000000003300000002000d0014000300000003000000045f002e005f002d0e000500017d0841007d080000000000000000000000002d00000003000d0014000300000003000000045f002e005f002d0e00050002080014000300000004000000230030002e0030007d0841007d080000000000000000000000002e00000003000d0014000300000003000000045f002e005f002d0e00050002080014000300ff3f04000000230030002e0030007d0841007d080000000000000000000000002f00000003000d0014000300000003000000045f002e005f002d0e00050002080014000300323304000000230030002e0030007d082d007d080000000000000000000000003000000002000d0014000300000003000000045f002e005f002d0e000500027d0841007d080000000000000000000000003d00000003000d00140002000000006100ff045f002e005f002d0e000500020400140002000000c6efceff230030002e0030007d0841007d080000000000000000000000003500000003000d001400020000009c0006ff045f002e005f002d0e000500020400140002000000ffc7ceff230030002e0030007d0841007d080000000000000000000000003400000003000d001400020000009c6500ff045f002e005f002d0e000500020400140002000000ffeb9cff230030002e0030007d0891007d080000000000000000000000002800000007000d001400020000003f3f76ff045f002e005f002d0e000500020400140002000000ffcc99ff230030002e00300007001400020000007f7f7fff2d003b005f002d0008001400020000007f7f7fff3f005f0040045f0009001400020000007f7f7fff40005f002d0000000a001400020000007f7f7fff00000000000000007d0891007d080000000000000000000000002900000007000d001400020000003f3f3fff045f002e005f002d0e000500020400140002000000f2f2f2ff230030002e00300007001400020000003f3f3fff2d003b005f002d0008001400020000003f3f3fff3f005f0040045f0009001400020000003f3f3fff40005f002d0000000a001400020000003f3f3fff00000000000000007d0891007d080000000000000000000000002a00000007000d00140002000000fa7d00ff045f002e005f002d0e000500020400140002000000f2f2f2ff230030002e00300007001400020000007f7f7fff2d003b005f002d0008001400020000007f7f7fff3f005f0040045f0009001400020000007f7f7fff40005f002d0000000a001400020000007f7f7fff00000000000000007d0841007d080000000000000000000000003900000003000d00140002000000fa7d00ff045f002e005f002d0e000500020800140002000000ff8001ff230030002e0030007d0891007d080000000000000000000000003200000007000d0014000300000000000000045f002e005f002d0e000500020400140002000000a5a5a5ff230030002e00300007001400020000003f3f3fff2d003b005f002d0008001400020000003f3f3fff3f005f0040045f0009001400020000003f3f3fff40005f002d0000000a001400020000003f3f3fff00000000000000007d082d007d080000000000000000000000003a00000002000d00140002000000ff0000ff045f002e005f002d0e000500027d0878007d080000000000000000000000003700000005000400140002000000ffffccff045f002e005f002d0700140002000000b2b2b2ff00a5a5a5ff2300300800140002000000b2b2b2ff003f3f3fff2d003b0900140002000000b2b2b2ff003f3f3fff3f005f0a00140002000000b2b2b2ff003f3f3fff40005f7d082d007d080000000000000000000000003600000002000d001400020000007f7f7fff045f002e005f002d0e000500027d0855007d080000000000000000000000003100000004000d0014000300000001000000045f002e005f002d0e0005000207001400030000000400000023003008001400020800140003000000040000002d003b09001400027d0841007d080000000000000000000000002200000003000d0014000300000000000000045f002e005f002d0e0005000204001400030000000400000023003008001400027d0841007d080000000000000000000000001000000003000d0014000300000001000000045f002e005f002d0e0005000204001400030065660400000023003008001400027d0841007d080000000000000000000000001600000003000d0014000300000001000000045f002e005f002d0e00050002040014000300cc4c0400000023003008001400027d0841007d080000000000000000000000001c00000003000d0014000300000000000000045f002e005f002d0e0005000204001400030032330400000023003008001400027d0841007d080000000000000000000000002300000003000d0014000300000000000000045f002e005f002d0e0005000204001400030000000500000023003008001400027d0841007d080000000000000000000000001100000003000d0014000300000001000000045f002e005f002d0e0005000204001400030065660500000023003008001400027d0841007d080000000000000000000000001700000003000d0014000300000001000000045f002e005f002d0e00050002040014000300cc4c0500000023003008001400027d0841007d080000000000000000000000001d00000003000d0014000300000000000000045f002e005f002d0e0005000204001400030032330500000023003008001400027d0841007d080000000000000000000000002400000003000d0014000300000000000000045f002e005f002d0e0005000204001400030000000600000023003008001400027d0841007d080000000000000000000000001200000003000d0014000300000001000000045f002e005f002d0e0005000204001400030065660600000023003008001400027d0841007d080000000000000000000000001800000003000d0014000300000001000000045f002e005f002d0e00050002040014000300cc4c0600000023003008001400027d0841007d080000000000000000000000001e00000003000d0014000300000000000000045f002e005f002d0e0005000204001400030032330600000023003008001400027d0841007d080000000000000000000000002500000003000d0014000300000000000000045f002e005f002d0e0005000204001400030000000700000023003008001400027d0841007d080000000000000000000000001300000003000d0014000300000001000000045f002e005f002d0e0005000204001400030065660700000023003008001400027d0841007d080000000000000000000000001900000003000d0014000300000001000000045f002e005f002d0e00050002040014000300cc4c0700000023003008001400027d0841007d080000000000000000000000001f00000003000d0014000300000000000000045f002e005f002d0e0005000204001400030032330700000023003008001400027d0841007d080000000000000000000000002600000003000d0014000300000000000000045f002e005f002d0e0005000204001400030000000800000023003008001400027d0841007d080000000000000000000000001400000003000d0014000300000001000000045f002e005f002d0e0005000204001400030065660800000023003008001400027d0841007d080000000000000000000000001a00000003000d0014000300000001000000045f002e005f002d0e00050002040014000300cc4c0800000023003008001400027d0841007d080000000000000000000000002000000003000d0014000300000000000000045f002e005f002d0e0005000204001400030032330800000023003008001400027d0841007d080000000000000000000000002700000003000d0014000300000000000000045f002e005f002d0e0005000204001400030000000900000023003008001400027d0841007d080000000000000000000000001500000003000d0014000300000001000000045f002e005f002d0e0005000204001400030065660900000023003008001400027d0841007d080000000000000000000000001b00000003000d0014000300000001000000045f002e005f002d0e00050002040014000300cc4c0900000023003008001400027d0841007d080000000000000000000000002100000003000d0014000300000000000000045f002e005f002d0e00050002040014000300323309000000230030080014000293021f0010000d000132003000250020002d00200010043a04460435043d044204310092084d0092080000000000000000000001041eff0d0032003000250020002d00200010043a04460435043d04420431000000030001000c0007046566dbe5f1ff05000c0007010000000000ff250005000293021f0011000d000132003000250020002d00200010043a04460435043d044204320092084d00920800000000000000000000010422ff0d0032003000250020002d00200010043a04460435043d04420432000000030001000c0007056566f2dddcff05000c0007010000000000ff250005000293021f0012000d000132003000250020002d00200010043a04460435043d044204330092084d00920800000000000000000000010426ff0d0032003000250020002d00200010043a04460435043d04420433000000030001000c0007066566eaf1ddff05000c0007010000000000ff250005000293021f0013000d000132003000250020002d00200010043a04460435043d044204340092084d0092080000000000000000000001042aff0d0032003000250020002d00200010043a04460435043d04420434000000030001000c0007076566e5e0ecff05000c0007010000000000ff250005000293021f0014000d000132003000250020002d00200010043a04460435043d044204350092084d0092080000000000000000000001042eff0d0032003000250020002d00200010043a04460435043d04420435000000030001000c0007086566dbeef3ff05000c0007010000000000ff250005000293021f0015000d000132003000250020002d00200010043a04460435043d044204360092084d00920800000000000000000000010432ff0d0032003000250020002d00200010043a04460435043d04420436000000030001000c0007096566fde9d9ff05000c0007010000000000ff250005000293021f0016000d000134003000250020002d00200010043a04460435043d044204310092084d0092080000000000000000000001041fff0d0034003000250020002d00200010043a04460435043d04420431000000030001000c000704cc4cb8cce4ff05000c0007010000000000ff250005000293021f0017000d000134003000250020002d00200010043a04460435043d044204320092084d00920800000000000000000000010423ff0d0034003000250020002d00200010043a04460435043d04420432000000030001000c000705cc4ce6b9b8ff05000c0007010000000000ff250005000293021f0018000d000134003000250020002d00200010043a04460435043d044204330092084d00920800000000000000000000010427ff0d0034003000250020002d00200010043a04460435043d04420433000000030001000c000706cc4cd7e4bcff05000c0007010000000000ff250005000293021f0019000d000134003000250020002d00200010043a04460435043d044204340092084d0092080000000000000000000001042bff0d0034003000250020002d00200010043a04460435043d04420434000000030001000c000707cc4cccc0daff05000c0007010000000000ff250005000293021f001a000d000134003000250020002d00200010043a04460435043d044204350092084d0092080000000000000000000001042fff0d0034003000250020002d00200010043a04460435043d04420435000000030001000c000708cc4cb6dde8ff05000c0007010000000000ff250005000293021f001b000d000134003000250020002d00200010043a04460435043d044204360092084d00920800000000000000000000010433ff0d0034003000250020002d00200010043a04460435043d04420436000000030001000c000709cc4cfcd5b4ff05000c0007010000000000ff250005000293021f001c000d000136003000250020002d00200010043a04460435043d044204310092084d00920800000000000000000000010420ff0d0036003000250020002d00200010043a04460435043d04420431000000030001000c000704323395b3d7ff05000c0007000000ffffffff250005000293021f001d000d000136003000250020002d00200010043a04460435043d044204320092084d00920800000000000000000000010424ff0d0036003000250020002d00200010043a04460435043d04420432000000030001000c0007053233d99795ff05000c0007000000ffffffff250005000293021f001e000d000136003000250020002d00200010043a04460435043d044204330092084d00920800000000000000000000010428ff0d0036003000250020002d00200010043a04460435043d04420433000000030001000c0007063233c2d69aff05000c0007000000ffffffff250005000293021f001f000d000136003000250020002d00200010043a04460435043d044204340092084d0092080000000000000000000001042cff0d0036003000250020002d00200010043a04460435043d04420434000000030001000c0007073233b2a1c7ff05000c0007000000ffffffff250005000293021f0020000d000136003000250020002d00200010043a04460435043d044204350092084d00920800000000000000000000010430ff0d0036003000250020002d00200010043a04460435043d04420435000000030001000c000708323393cdddff05000c0007000000ffffffff250005000293021f0021000d000136003000250020002d00200010043a04460435043d044204360092084d00920800000000000000000000010434ff0d0036003000250020002d00200010043a04460435043d04420436000000030001000c0007093233fac090ff05000c0007000000ffffffff250005000293021300220007000110043a04460435043d04420431009208410092080000000000000000000001041dff070010043a04460435043d04420431000000030001000c00070400004f81bdff05000c0007000000ffffffff250005000293021300230007000110043a04460435043d044204320092084100920800000000000000000000010421ff070010043a04460435043d04420432000000030001000c0007050000c0504dff05000c0007000000ffffffff250005000293021300240007000110043a04460435043d044204330092084100920800000000000000000000010425ff070010043a04460435043d04420433000000030001000c00070600009bbb59ff05000c0007000000ffffffff250005000293021300250007000110043a04460435043d044204340092084100920800000000000000000000010429ff070010043a04460435043d04420434000000030001000c00070700008064a2ff05000c0007000000ffffffff250005000293021300260007000110043a04460435043d04420435009208410092080000000000000000000001042dff070010043a04460435043d04420435000000030001000c00070800004bacc6ff05000c0007000000ffffffff250005000293021300270007000110043a04460435043d044204360092084100920800000000000000000000010431ff070010043a04460435043d04420436000000030001000c0007090000f79646ff05000c0007000000ffffffff250005000293020f002800050001120432043e043404200092087500920800000000000000000000010214ff0500120432043e04340420000000070001000c0005ff0000ffcc99ff05000c0005ff00003f3f76ff250005000206000e0005ff00007f7f7fff010007000e0005ff00007f7f7fff010008000e0005ff00007f7f7fff010009000e0005ff00007f7f7fff010093020f00290005000112044b0432043e04340492087500920800000000000000000000010215ff050012044b0432043e0434040000070001000c0005ff0000f2f2f2ff05000c0005ff00003f3f3fff250005000206000e0005ff00003f3f3fff010007000e0005ff00003f3f3fff010008000e0005ff00003f3f3fff010009000e0005ff00003f3f3fff0100930219002a000a000112044b044704380441043b0435043d043804350492087f00920800000000000000000000010216ff0a0012044b044704380441043b0435043d04380435040000070001000c0005ff0000f2f2f2ff05000c0005ff0000fa7d00ff250005000206000e0005ff00007f7f7fff010007000e0005ff00007f7f7fff010008000e0005ff00007f7f7fff010009000e0005ff00007f7f7fff0100930204002b8004ff92082600920800000000000000000000010504ff0800140435043d04350436043d044b04390400000000930204002c8007ff92082e00920800000000000000000000010507ff0c00140435043d04350436043d044b04390420005b0030005d000000000093021b002d000b00011704300433043e043b043e0432043e043a042000310092084b00920800000000000000000000010310ff0b001704300433043e043b043e0432043e043a04200031000000030005000c00070300001f497dff250005000207000e00070400004f81bdff050093021b002e000b00011704300433043e043b043e0432043e043a042000320092084b00920800000000000000000000010311ff0b001704300433043e043b043e0432043e043a04200032000000030005000c00070300001f497dff250005000207000e000704ff3fa8c0deff050093021b002f000b00011704300433043e043b043e0432043e043a042000330092084b00920800000000000000000000010312ff0b001704300433043e043b043e0432043e043a04200033000000030005000c00070300001f497dff250005000207000e000704323395b3d7ff020093021b0030000b00011704300433043e043b043e0432043e043a042000340092083d00920800000000000000000000010313ff0b001704300433043e043b043e0432043e043a04200034000000020005000c00070300001f497dff250005000293020d003100040001180442043e04330492084b00920800000000000000000000010319ff0400180442043e0433040000040005000c0007010000000000ff250005000206000e00070400004f81bdff010007000e00070400004f81bdff06009302290032001200011a043e043d04420440043e043b044c043d0430044f0420004f044704350439043a04300492088f00920800000000000000000000010217ff12001a043e043d04420440043e043b044c043d0430044f0420004f044704350439043a0430040000070001000c0005ff0000a5a5a5ff05000c0007000000ffffffff250005000206000e0005ff00003f3f3fff060007000e0005ff00003f3f3fff060008000e0005ff00003f3f3fff060009000e0005ff00003f3f3fff06009302150033000800011d0430043704320430043d04380435049208370092080000000000000000000001030fff08001d0430043704320430043d04380435040000020005000c00070300001f497dff250005000193021b0034000b00011d04350439044204400430043b044c043d044b0439049208490092080000000000000000000001011cff0b001d04350439044204400430043b044c043d044b0439040000030001000c0005ff0000ffeb9cff05000c0005ff00009c6500ff250005000293020400008000ff92082400920800000000000000000000010100ff07001e0431044b0447043d044b043904000000009302110035000600011f043b043e0445043e04390492083f0092080000000000000000000001011bff06001f043b043e0445043e0439040000030001000c0005ff0000ffc7ceff05000c0005ff00009c0006ff25000500029302170036000900011f043e044f0441043d0435043d043804350492083900920800000000000000000000010235ff09001f043e044f0441043d0435043d04380435040000020005000c0005ff00007f7f7fff25000500029302190037000a00011f04400438043c043504470430043d043804350492086e0092080000000000000000000001020aff0a001f04400438043c043504470430043d04380435040000050001000c0005ff0000ffffccff06000e0005ff0000b2b2b2ff010007000e0005ff0000b2b2b2ff010008000e0005ff0000b2b2b2ff010009000e0005ff0000b2b2b2ff010093020400388005ff92082a00920800000000000000000000010505ff0a001f0440043e04460435043d0442043d044b04390400000000930225003900100001210432044f04370430043d043d0430044f0420004f044704350439043a04300492085500920800000000000000000000010218ff1000210432044f04370430043d043d0430044f0420004f044704350439043a0430040000030005000c0005ff0000fa7d00ff250005000207000e0005ff0000ff8001ff060093022d003a00140001220435043a044104420420003f0440043504340443043f04400435043604340435043d0438044f0492084f0092080000000000000000000001020bff1400220435043a044104420420003f0440043504340443043f04400435043604340435043d0438044f040000020005000c0005ff0000ff0000ff2500050002930204003b8003ff92082a00920800000000000000000000010503ff0a00240438043d0430043d0441043e0432044b04390400000000930204003c8006ff92083200920800000000000000000000010506ff0e00240438043d0430043d0441043e0432044b04390420005b0030005d0000000000930213003d0007000125043e0440043e044804380439049208410092080000000000000000000001011aff070025043e0440043e044804380439040000030001000c0005ff0000c6efceff05000c0005ff0000006100ff25000500028e0858008e080000000000000000000090000000110011005400610062006c0065005300740079006c0065004d0065006400690075006d0039005000690076006f0074005300740079006c0065004c00690067006800740031003600600102000000850012004b3c0000000005011b04380441044204310085001200fb3e0000000005011b0438044104420432008500120081400000000005011b0438044104420433009a0818009a0800000000000000000000010000000000000002000000a3081000a30800000000000000000000000000008c00040007000700ae0104000300010417000800010000000000000018001e00000000040b00000000000000000000446174613b0000030003000000020018002000000000060b000000000000000000004865616465723b00000000020000000200c1010800c10100001deb0100fc00c70008000000080000001a0000247b6c6962726172795f6465706172746d656e745f6e616d657d170000247b6c6974657261747572655f747970655f6e616d657d190000247b626f6f6b735f696e7374616e6365735f616d6f756e747d230000247b7265666572656e63655f626f6f6b735f696e7374616e6365735f616d6f756e747d0b00004465706172746d656e743a0f00004c69746572617475726520547970650b0000426f6f6b7320436f756e741500005265666572656e636520426f6f6b7320436f756e74ff000a0008000d2e00000c00000063081600630800000000000000000000160000000000000002009608270d96080000000000000000000000000000504b030414000600080000002100828abc13fa0000001c020000130000005b436f6e74656e745f54797065735d2e786d6cac91cb6ac3301045f785fe83d0b6d872ba28a5d8cea249777d2cd20f18e4b12d6a8f843409c9df77ecb850ba082d74231062ce997b55ae8fe3a00e1893f354e9555e6885647de3a8abf4fbee29bbd72a3150038327acf409935ed7d757e5ee14302999a654e99e393c18936c8f23a4dc072479697d1c81e51a3b13c07e4087e6b628ee8cf5c4489cf1c4d075f92a0b44d7a07a83c82f308ac7b0a0f0fbf90c2480980b58abc733615aa2d210c2e02cb04430076a7ee833dfb6ce62e3ed7e14693e8317d8cd0433bf5c60f53fea2fe7065bd80facb647e9e25c7fc421fd2ddb526b2e9373fed4bb902e182e97b7b461e6bfad3f010000ffff0300504b030414000600080000002100a5d6a7e7c0000000360100000b0000005f72656c732f2e72656c73848fcf6ac3300c87ef85bd83d17d51d2c31825762fa590432fa37d00e1287f68221bdb1bebdb4fc7060abb0884a4eff7a93dfeae8bf9e194e720169aaa06c3e2433fcb68e1763dbf7f82c985a4a725085b787086a37bdbb55fbc50d1a33ccd311ba548b63095120f88d94fbc52ae4264d1c910d24a45db3462247fa791715fd71f989e19e0364cd3f51652d73760ae8fa8c9ffb3c330cc9e4fc17faf2ce545046e37944c69e462a1a82fe353bd90a865aad41ed0b5b8f9d6fd010000ffff0300504b0304140006000800000021006b799616830000008a0000001c0000007468656d652f7468656d652f7468656d654d616e616765722e786d6c0ccc4d0ac3201040e17da17790d93763bb284562b2cbaebbf600439c1a41c7a0d29fdbd7e5e38337cedf14d59b4b0d592c9c070d8a65cd2e88b7f07c2ca71ba8da481cc52c6ce1c715e6e97818c9b48d13df49c873517d23d59085adb5dd20d6b52bd521ef2cdd5eb9246a3d8b4757e8d3f729e245eb2b260a0238fd010000ffff0300504b0304140006000800000021008e6b8272a407000074200000160000007468656d652f7468656d652f7468656d65312e786d6cec594f6f1c3514bf23f11dacb9b7c9269b3489baa9b29bdd06dab451765bd4a377c6bbe3c6331e6c6f92bd55e911098428880b1270e18080482de2927e87f433048aa048fd0a3cdb33b3e3ec846cd2080424878dc7f3f37bcfefbf3dd76fec460c6d1321298f6b5ee5eab48748ecf380c6fd9a77afd3bab2e021a9701c60c66352f386447a3796df7eeb3a5e5221890882f5b15cc2352f542a599a9a923e4c637995272486773d2e22ace051f4a7028177806ec4a666a6a7e7a7224c630fc53802b2875f1ffe787870b88feef67ad427de7246bfc98049aca49ef099686bea245bf4d58bbdc3fdc3e787cf0ef75f3c82f173f8ff91591b6c55f40a39940d26d03666350f58077ca74376958718960a5ed4bc69f3e74d2d5f9fc24be922a64e585b58d7327fe9ba7441b03563788a7e37675a695517afade6f40d80a9715cb3d96c342b393d03c0be0f3bb7b21469565b0b957a46b300b2c371da8de9b9e9aa8b2fd09f1d9379b15eafcf2da6b258a2066487d531fcc2f47c7565c6c11b90c5cf8de1abf5954663dec11b90c5cf8fe15bd716e7ab2ede804246e3ad31b43668ab9552cf213dced64ae10b005f984ee123147843ee6d9a458fc76a52df8bf0432e5ab0402f6458d118a961427ad807476fe0a82b28d60cf112c1853776ca9763539a3792bea089aa79ef2618826644eff5c177af0f9ea2d707fb477bcf8ef67e3a7afcf868ef074bcb59b886e37e71e1ab6f3efee38b47e8f7a75fbe7af269395e16f1bf7cffc1cfcf3f290742448d247af9d9feafcff65f7efee16fdf3e2981af08dc2dc23b342212dd213b689347b037a3185772d215675bd109317556e0106897906eaad001de19625686ab135779f705249332e0cdc14347d67628068a9670be15460e709d7356e7a25401b734af82863b83b85fce5c0c8ab84d8cb7cb783770ec98b6394820ab664ee9e8be111247cc0d866385fb24260ae9777c8b9092dd3da0d4d1eb3af50597bca7d0038aea9896aaa443bb8e238d16add108ec322cdb3398dad1cdfa7d54e7ac6cd7ab64db4542406056227c8730478d37f140e1a88c640747aca8f0db58856542b687c22fe29a5281a5fb8471d40c8894656bee0ad86fc1e8b730e4af52b3afb361e42285a25b65346f63ce8bc855bed50871949461db340e8bd877e416b828461b5c95c1d7b91b21fa19ec80e313cd7d9f12c7dca727827bb4ef88347210fd6620b42d21713bf937a2f15f256346211b5b1fb84cc6356f054a535948ac1d4bc127e1fe858977150fe20d02be3e5e782ef3ee65def5fef379f7a4589e34db8e122ce45edd3cd83ed974cdd1c44d738f32d65643466e4bd3374b281e410b26351d73a624f9a12a096198267b07d717d8ac4182abf7a80adb214ea0e7ae789a485fa6a4fb12255cc2d9cf4c97d2d678e8db953d39cee93385cd0f12ab751ed8e9593d9d1d1d7232a604f5cd79356334ab094cca6cf65a4a14b67d1e66152dd4c4dc2a463493fa1c6ef996c1a6e35b83c95c9bd09520e86540cbf370aad7ace1ac821909b4de6d41cecc62ac70912692210e486a23bdef711b558c91325f319707e03b2536d2e7c053b456e0b6a8c9be01b7498c5464573d815d66bd37b152e6c1232be9383e168e2c2e06278bd14ecd5b9c9b99f3908f939ad783632e0ca304ac2e752388591fae937c25acdb9f1acc26ca47d65ccc36e60641056e32acdec736ece4814448b58a65685dc3bc4a5d80c59a93957f660ed47a511bb09e7e0e296617c019fe3129408fae6949af477c5534766146ebce3ea6a9940f1411ed30d8415d36109b18ccaf5d15f6135009b7152623e807b86ad3da36afdce49c065df182cbe0ec3c664988d374ab43348b640b37719ccb609e0ae2c1de4a65379b3bfb564cc85fd0568a6efc3fdb8aae27707d301b680bf870f92b30d2f15af3b85021872c9484d46f0968244cee006f81eb5a780d4e0557d0e6bf20dbfabf8d394bc384359c02d526ed2341a11ea95010b20169c978df29c42a69edb224594ac87854415c9958b1bb649bb08ece81f3bab67b28045737d9244d030677dcffdce73482ba7ddde414e3cdc92179edb531f077773e369861536e1e360d4da6ff5cc492aa6ad79be559ed2d6e44bf18b559d52c2a8059a1142ca6617f4e11ce586a6dc61adbf1cc5c261c58717cc730993744095c0221fd03f58f0a9fd98f19baa076f826e45604df223431701bf0ea2bb6f1403a41dac92e344e76d23a932665559bb64e5a6b59b1bee04e37e77b4cd95ab249ec7d4665e7cd99cbce89c58b5476aa6147d776ee445583658f87284cf5b2838d318cf91056fc50c5bb0fc1d0ab70e53f60f6d3954ce0c9c441b2215077070e117030818b456e92dc6e4f44fa2deff5d0ae4971c334c1410ddb55c887c90a3409309b35d5d9127f20d54dc2cd72bc0d59c5f86e3fc84638cc46fe6e9c0d45ea87d607e1175402bfe07ac6ca78493b9d05c36e8b2cdcec54acdace273107f666ed629187f1c3dc118b5de5092d1f5e127c1007462721c141330ecc9d6acd8be173a6a753784402a82c042a8b1e19a4c2944d8204ddd88632ef3aac1f4930b2366797074330377c5e5577e1a7c738f0f3194d8031d439e895df1f600162b07762389056166616e073ab320fda28d9a09b0d060994b610d286f102e02e6dab96b14d9d8cc597de76cec3c9a5b7a109bd2d75328881f17407394b603868b74dd5cf13894994cb7f020000ffff0300504b0304140006000800000021000dd1909fb60000001b010000270000007468656d652f7468656d652f5f72656c732f7468656d654d616e616765722e786d6c2e72656c73848f4d0ac2301484f78277086f6fd3ba109126dd88d0add40384e4350d363f2451eced0dae2c082e8761be9969bb979dc9136332de3168aa1a083ae995719ac16db8ec8e4052164e89d93b64b060828e6f37ed1567914b284d262452282e3198720e274a939cd08a54f980ae38a38f56e422a3a641c8bbd048f7757da0f19b017cc524bd62107bd5001996509affb3fd381a89672f1f165dfe514173d9850528a2c6cce0239baa4c04ca5bbabac4df000000ffff0300504b01022d0014000600080000002100828abc13fa0000001c0200001300000000000000000000000000000000005b436f6e74656e745f54797065735d2e786d6c504b01022d0014000600080000002100a5d6a7e7c0000000360100000b000000000000000000000000002b0100005f72656c732f2e72656c73504b01022d00140006000800000021006b799616830000008a0000001c00000000000000000000000000140200007468656d652f7468656d652f7468656d654d616e616765722e786d6c504b01022d00140006000800000021008e6b8272a4070000742000001600000000000000000000000000d10200007468656d652f7468656d652f7468656d65312e786d6c504b01022d00140006000800000021000dd1909fb60000001b0100002700000000000000000000000000a90a00007468656d652f7468656d652f5f72656c732f7468656d654d616e616765722e786d6c2e72656c73504b050600000000050005005d010000a40b000000009b0810009b0800000000000000000000010000008c0810008c0800000000000000000000000000000a0000000908100000061000aa1fcd07d1000100060400000b021400000000000000000004000000613d0000813e00000d00020001000c00020064000f000200010011000200000010000800fca9f1d24d62503f5f00020001002a00020000002b00020000008200020001008000080000000000000000002502040000002c0181000200c104140000001500000083000200000084000200000026000800666666666666e63f27000800666666666666e63f28000800000000000000e83f29000800000000000000e83fa10022000900640000000100010002002c012c010bb6600bb660e03f0bb6600bb660e03f01009c0826009c080000000000000000000000000000000000000000000000000000b46000000000000000005500020008007d000c00000000006d1d0f00020000007d000c00010001006d1a0f00020000007d000c000200020092230f000200000000020e000000000004000000000003000000080210000000000003002c010000000000010f00080210000100000003002c010000000000010f00080210000200000003002c010000000000010f00080210000300000003002c010000000000010f00fd000a00000000003e0004000000fd000a00000001003f000000000001020600000002003f00be000a00010000003e003e000100fd000a00020000003e0005000000fd000a00020001003e0006000000fd000a00020002003e0007000000fd000a00030000000f0001000000fd000a00030001000f0002000000fd000a00030002000f0003000000d7000c00d80000003c0026000e002a003e021200b606000000004000000000000000020000008b0810008b0800000000000000000000000002001d000f00030000000000000100000000000000e5000a000100000000000100020067081700670800000000000000000000020001ffffffff030000000a0000000908100000061000aa1fcd07d1000100060400000b0210000000000000000000000000000d4000000d00020001000c00020064000f000200010011000200000010000800fca9f1d24d62503f5f00020001002a00020000002b00020000008200020001008000080000000000000000002502040000002c0181000200c104140000001500000083000200000084000200000026000800666666666666e63f27000800666666666666e63f28000800000000000000e83f29000800000000000000e83fa10022000900640000000100010002002c012c010bb6600bb660e03f0bb6600bb660e03f01009c0826009c080000000000000000000000000000000000000000000000000000b460000000000000000055000200080000020e0000000000000000000000000000003e021200b600000000004000000000000000000000008b0810008b0800000000000000000000000002001d000f0003000000000000010000000000000067081700670800000000000000000000020001ffffffff030000000a0000000908100000061000aa1fcd07d1000100060400000b021000000000000000000000000000934100000d00020001000c00020064000f000200010011000200000010000800fca9f1d24d62503f5f00020001002a00020000002b00020000008200020001008000080000000000000000002502040000002c0181000200c104140000001500000083000200000084000200000026000800666666666666e63f27000800666666666666e63f28000800000000000000e83f29000800000000000000e83fa10022000900640000000100010002002c012c010bb6600bb660e03f0bb6600bb660e03f01009c0826009c080000000000000000000000000000000000000000000000000000b460000000000000000055000200080000020e0000000000000000000000000000003e021200b600000000004000000000000000000000008b0810008b0800000000000000000000000002001d000f0003000000000000010000000000000067081700670800000000000000000000020001ffffffff030000000a00000000000000000000000000000000000000000000000000000000000000000000000000000000000000000000000000000000000000000000000000000000000000000000000000000000000000000000000000000000000000000000000000000000000000000000000000000000000000000000000000000000000000000000000000000000000000000000000000000000000000000000000000000000000000000000000000000000000000000000000000000000000000000000000000000000000000000000000000000000000000000000000000000000000000000000000000000000000000000000000000000000000000000000000000000000000000000000000000000000000000000000000000000000000000000000000000000000000000000000000000000000000000000000000000000000000000000000000000000000000000000000000000000000000000000000000000000000000000000000000000000000000000000000000000000000000000000000000000000000000000000000000000000000000000000000000000000000000000000000000000000000000000000000000000000000000000000000000000000000000000000000000000000000000000000000000000000000000000000000000000000000000000000000000000000000000000000000000000000000050044006f00630075006d0065006e007400530075006d006d0061007200790049006e0066006f0072006d006100740069006f006e000000000000000000000038000200ffffffffffffffffffffffff000000000000000000000000000000000000000000000000000000000000000000000000040000002801000000000000010043006f006d0070004f0062006a0000000000000000000000000000000000000000000000000000000000000000000000000000000000000000000000000012000200ffffffffffffffffffffffff000000000000000000000000000000000000000000000000000000000000000000000000090000006d000000000000000000000000000000000000000000000000000000000000000000000000000000000000000000000000000000000000000000000000000000000000000000000000000000ffffffffffffffffffffffff0000000000000000000000000000000000000000000000000000000000000000000000000000000000000000000000000000000000000000000000000000000000000000000000000000000000000000000000000000000000000000000000000000000000000000000000000000000000000000ffffffffffffffffffffffff0000000000000000000000000000000000000000000000000000000000000000000000000000000000000000000000001e00000016000000c8ece5edeee2e0ededfbe520e4e8e0efe0e7eeedfb00030000000200000000000000000000000000000000000000000000000000000000000100feff030a0000ffffffff2008020000000000c00000000000004621000000cbe8f1f2204d6963726f736f6674204f666669636520457863656c203230303300060000004269666638000e000000457863656c2e53686565742e3800f439b271000000000000000000000000000000000000000000000000000000000000000000000000000000000000000000000000000000000000000000000000000000000000000000000000000000000000000000000000000000000000000000000000000000000000000000000000000000000000000000000000000000000000000000000000000000000000000000000000000000000000000000000000000000000000000000000000000000000000000000000000000000000000000000000000000000000000000000000000000000000000000000000000000000000000000000000000000000000000000000000000000000000000000000000000000000000000000000000000000000000000000000000000000000000000000000000000000000000000000000000000000000000000000000000000000000000000000000000000000000000000000000000000000000000000000000000000000000');

------------------------------------------------------------------------------------------------------------

UPDATE REPORT_REPORT SET DEFAULT_TEMPLATE_ID='d04eb991-7de2-69c9-0434-2d78febb64a5' WHERE ID='d49cb2e4-6093-04ad-5179-0a4de6c30b41';
UPDATE REPORT_REPORT SET DEFAULT_TEMPLATE_ID='0e309589-b6d4-43f0-928d-f15ca0503ed1' WHERE ID='2dd27fbf-8830-416a-899f-339543f8f27a';

------------------------------------------------------------------------------------------------------------